Well, Image, X, Y, Area, MajorAxisLength, MinorAxisLength, Eccentricity, ConvexArea, FilledArea, EulerNumber, EquivDiameter, Solidity, Perimeter, Intensity, edge, debris, nucleus, over, under, predivision, postdivision, apoptotic, newborn
Well C05, DsRed - Confocal - n000629.tif, 2.344828e+00, 1.272586e+03, 29, 8.776608e+00, 4.382081e+00, 8.664344e-01, 30, 29, 1, 6.076508e+00, 9.666667e-01, 1.882843e+01, 3.968872e-02, 1, 1, 0, 0, 0, 0, 0, 0, 0
Well C05, DsRed - Confocal - n000629.tif, 1.259486e+02, 3.005514e+02, 370, 2.403451e+01, 1.972665e+01, 5.712677e-01, 375, 370, 1, 2.170481e+01, 9.866667e-01, 6.911270e+01, 1.383093e+00, 0, 0, 1, 0, 0, 0, 0, 0, 0
Well C05, DsRed - Confocal - n000629.tif, 1.432807e+02, 7.835967e+01, 367, 2.538636e+01, 1.856699e+01, 6.819740e-01, 378, 367, 1, 2.161664e+01, 9.708995e-01, 7.028427e+01, 1.141878e+00, 0, 0, 1, 0, 0, 0, 0, 0, 0
Well C05, DsRed - Confocal - n000629.tif, 1.500789e+02, 2.512114e+02, 317, 2.398727e+01, 1.694795e+01, 7.076737e-01, 328, 317, 1, 2.009022e+01, 9.664634e-01, 6.662742e+01, 8.908675e-01, 0, 0, 1, 0, 0, 0, 0, 0, 0
Well C05, DsRed - Confocal - n000629.tif, 1.503187e+02, 1.085971e+02, 273, 2.046020e+01, 1.714194e+01, 5.459488e-01, 275, 273, 1, 1.864388e+01, 9.927273e-01, 5.921320e+01, 7.700923e-01, 0, 0, 1, 0, 0, 0, 0, 0, 1
Well C05, DsRed - Confocal - n000629.tif, 1.584891e+02, 3.009149e+02, 552, 3.169754e+01, 2.237467e+01, 7.083311e-01, 570, 552, 1, 2.651091e+01, 9.684211e-01, 8.818377e+01, 2.518944e+00, 0, 0, 1, 0, 0, 0, 0, 0, 0
Well C05, DsRed - Confocal - n000629.tif, 1.765206e+02, 6.482798e+01, 436, 2.836464e+01, 1.984113e+01, 7.146304e-01, 447, 436, 1, 2.356125e+01, 9.753915e-01, 7.735534e+01, 1.420600e+00, 0, 0, 1, 0, 0, 0, 0, 0, 0
Well C05, DsRed - Confocal - n000629.tif, 1.823163e+02, 2.714435e+02, 566, 3.052842e+01, 2.401499e+01, 6.174072e-01, 585, 566, 1, 2.684499e+01, 9.675214e-01, 8.876955e+01, 1.945708e+00, 0, 0, 1, 0, 0, 0, 0, 0, 0
Well C05, DsRed - Confocal - n000629.tif, 1.830247e+02, 3.459068e+02, 365, 2.264605e+01, 2.059626e+01, 4.157354e-01, 372, 365, 1, 2.155765e+01, 9.811828e-01, 6.828427e+01, 1.258503e+00, 0, 0, 1, 0, 0, 0, 0, 0, 0
Well C05, DsRed - Confocal - n000629.tif, 1.854000e+02, 3.465352e+01, 355, 2.384864e+01, 1.917210e+01, 5.947544e-01, 366, 355, 1, 2.126029e+01, 9.699454e-01, 6.921320e+01, 1.023682e+00, 0, 0, 1, 0, 0, 0, 0, 0, 0
Well C05, DsRed - Confocal - n000629.tif, 1.889270e+02, 9.122628e+01, 274, 2.037534e+01, 1.728534e+01, 5.294416e-01, 282, 274, 1, 1.867800e+01, 9.716312e-01, 6.038478e+01, 8.270848e-01, 0, 0, 1, 0, 0, 0, 0, 0, 1
Well C05, DsRed - Confocal - n000629.tif, 1.890291e+02, 1.196727e+02, 275, 2.215167e+01, 1.593861e+01, 6.944695e-01, 278, 275, 1, 1.871205e+01, 9.892086e-01, 5.979899e+01, 8.635080e-01, 0, 0, 1, 0, 0, 0, 0, 0, 1
Well C05, DsRed - Confocal - n000629.tif, 1.946972e+02, 3.150828e+02, 459, 2.902790e+01, 2.035471e+01, 7.129528e-01, 476, 459, 1, 2.417472e+01, 9.642857e-01, 8.076955e+01, 2.182650e+00, 0, 0, 1, 0, 0, 0, 0, 0, 0
Well C05, DsRed - Confocal - n000629.tif, 2.026163e+02, 2.548397e+02, 443, 2.576542e+01, 2.242353e+01, 4.925295e-01, 458, 443, 1, 2.374963e+01, 9.672489e-01, 7.828427e+01, 1.661952e+00, 0, 0, 1, 0, 0, 0, 0, 0, 0
Well C05, DsRed - Confocal - n000629.tif, 2.220759e+02, 4.811679e+01, 1173, 5.544247e+01, 2.768273e+01, 8.664260e-01, 1260, 1173, 1, 3.864596e+01, 9.309524e-01, 1.507107e+02, 4.134203e+00, 0, 0, 0, 0, 1, 0, 0, 0, 0
Well C05, DsRed - Confocal - n000629.tif, 2.086395e+02, 2.198272e+02, 405, 2.634718e+01, 1.970597e+01, 6.637724e-01, 417, 405, 1, 2.270819e+01, 9.712230e-01, 7.394113e+01, 1.466590e+00, 0, 0, 1, 0, 0, 0, 0, 0, 0
Well C05, DsRed - Confocal - n000629.tif, 2.150436e+02, 1.917726e+02, 321, 2.350570e+01, 1.762807e+01, 6.614963e-01, 330, 321, 1, 2.021657e+01, 9.727273e-01, 6.579899e+01, 1.263874e+00, 0, 0, 1, 0, 0, 0, 0, 0, 0
Well C05, DsRed - Confocal - n000629.tif, 2.174515e+02, 3.034005e+02, 392, 2.280619e+01, 2.197915e+01, 2.668569e-01, 400, 392, 1, 2.234077e+01, 9.800000e-01, 7.111270e+01, 1.921218e+00, 0, 0, 1, 0, 0, 0, 0, 0, 0
Well C05, DsRed - Confocal - n000629.tif, 2.203299e+02, 3.374583e+02, 288, 2.233580e+01, 1.650451e+01, 6.737866e-01, 289, 288, 1, 1.914923e+01, 9.965398e-01, 6.087006e+01, 9.605402e-01, 0, 0, 1, 0, 0, 0, 0, 0, 1
Well C05, DsRed - Confocal - n000629.tif, 2.284571e+02, 1.410204e+01, 735, 3.426928e+01, 2.779753e+01, 5.848381e-01, 758, 735, 1, 3.059136e+01, 9.696570e-01, 1.021838e+02, 3.702831e+00, 1, 0, 1, 0, 0, 0, 0, 0, 0
Well C05, DsRed - Confocal - n000629.tif, 2.270911e+02, 2.453709e+02, 461, 2.496453e+01, 2.358854e+01, 3.274098e-01, 468, 461, 1, 2.422733e+01, 9.850427e-01, 7.711270e+01, 1.832029e+00, 0, 0, 1, 0, 0, 0, 0, 0, 0
Well C05, DsRed - Confocal - n000629.tif, 2.365776e+02, 2.765918e+02, 490, 2.720317e+01, 2.340815e+01, 5.094614e-01, 506, 490, 1, 2.497774e+01, 9.683794e-01, 8.276955e+01, 1.868345e+00, 0, 0, 1, 0, 0, 0, 0, 0, 0
Well C05, DsRed - Confocal - n000629.tif, 2.395354e+02, 1.956400e+02, 325, 2.200425e+01, 1.894294e+01, 5.088140e-01, 330, 325, 1, 2.034214e+01, 9.848485e-01, 6.462742e+01, 1.204150e+00, 0, 0, 1, 0, 0, 0, 0, 0, 0
Well C05, DsRed - Confocal - n000629.tif, 2.387147e+02, 3.843135e+02, 319, 2.484755e+01, 1.690160e+01, 7.330155e-01, 337, 319, 1, 2.015350e+01, 9.465875e-01, 6.945584e+01, 6.669413e-01, 0, 0, 1, 0, 0, 0, 0, 0, 0
Well C05, DsRed - Confocal - n000629.tif, 2.464186e+02, 3.537519e+02, 129, 1.407363e+01, 1.189120e+01, 5.348805e-01, 131, 129, 1, 1.281592e+01, 9.847328e-01, 4.048528e+01, 2.144350e-01, 0, 0, 1, 0, 0, 0, 0, 0, 1
Well C05, DsRed - Confocal - n000629.tif, 2.589749e+02, 2.505486e+02, 319, 2.180008e+01, 1.887466e+01, 5.003784e-01, 327, 319, 1, 2.015350e+01, 9.755352e-01, 6.545584e+01, 1.274174e+00, 0, 0, 1, 0, 0, 0, 0, 0, 0
Well C05, DsRed - Confocal - n000629.tif, 2.639661e+02, 2.645573e+01, 384, 2.516493e+01, 1.976448e+01, 6.189913e-01, 398, 384, 1, 2.211163e+01, 9.648241e-01, 7.287006e+01, 1.584176e+00, 0, 0, 1, 0, 0, 0, 0, 0, 0
Well C05, DsRed - Confocal - n000629.tif, 2.682489e+02, 3.070356e+02, 225, 1.946374e+01, 1.514112e+01, 6.283706e-01, 227, 225, 1, 1.692569e+01, 9.911894e-01, 5.497056e+01, 4.211337e-01, 0, 0, 1, 0, 0, 0, 0, 0, 1
Well C05, DsRed - Confocal - n000629.tif, 3.104663e+02, 1.001951e+03, 371, 2.278394e+01, 2.088343e+01, 3.998392e-01, 380, 371, 1, 2.173412e+01, 9.763158e-01, 6.945584e+01, 8.786450e-01, 0, 0, 1, 0, 0, 0, 0, 0, 0
Well C05, DsRed - Confocal - n000629.tif, 3.142278e+02, 1.106513e+03, 316, 2.225540e+01, 1.824583e+01, 5.725948e-01, 318, 316, 1, 2.005851e+01, 9.937107e-01, 6.345584e+01, 8.811933e-01, 0, 0, 1, 0, 0, 0, 0, 0, 0
Well C05, DsRed - Confocal - n000629.tif, 3.167837e+02, 1.028683e+03, 356, 2.244133e+01, 2.051189e+01, 4.056629e-01, 368, 356, 1, 2.129022e+01, 9.673913e-01, 6.887006e+01, 9.808194e-01, 0, 0, 1, 0, 0, 0, 0, 0, 0
Well C05, DsRed - Confocal - n000629.tif, 3.171721e+02, 1.059641e+03, 337, 2.210916e+01, 1.957419e+01, 4.649391e-01, 346, 337, 1, 2.071429e+01, 9.739884e-01, 6.604163e+01, 1.159075e+00, 0, 0, 1, 0, 0, 0, 0, 0, 0
Well C05, DsRed - Confocal - n000629.tif, 3.269701e+02, 1.084147e+03, 334, 2.456846e+01, 1.748613e+01, 7.024522e-01, 345, 334, 1, 2.062188e+01, 9.681159e-01, 6.745584e+01, 9.850767e-01, 0, 0, 1, 0, 0, 0, 0, 0, 0
Well C05, DsRed - Confocal - n000629.tif, 3.436330e+02, 1.034623e+03, 485, 2.889766e+01, 2.155998e+01, 6.658557e-01, 498, 485, 1, 2.484997e+01, 9.738956e-01, 8.101219e+01, 1.398337e+00, 0, 0, 1, 0, 0, 0, 0, 0, 0
Well C05, DsRed - Confocal - n000629.tif, 3.501766e+02, 1.103543e+03, 470, 2.553230e+01, 2.352857e+01, 3.883273e-01, 478, 470, 1, 2.446268e+01, 9.832636e-01, 7.794113e+01, 1.358083e+00, 0, 0, 1, 0, 0, 0, 0, 0, 0
Well C05, DsRed - Confocal - n000629.tif, 3.508869e+02, 1.215603e+03, 504, 2.908094e+01, 2.219938e+01, 6.459670e-01, 521, 504, 1, 2.533205e+01, 9.673704e-01, 8.418377e+01, 1.901915e+00, 0, 0, 1, 0, 0, 0, 0, 0, 0
Well C05, DsRed - Confocal - n000629.tif, 3.573564e+02, 1.071740e+03, 362, 2.308611e+01, 2.008440e+01, 4.930915e-01, 368, 362, 1, 2.146888e+01, 9.836957e-01, 6.828427e+01, 1.200427e+00, 0, 0, 1, 0, 0, 0, 0, 0, 0
Well C05, DsRed - Confocal - n000629.tif, 3.608938e+02, 9.875288e+02, 452, 2.462761e+01, 2.348465e+01, 3.011067e-01, 466, 452, 1, 2.398967e+01, 9.699571e-01, 7.769848e+01, 1.216922e+00, 0, 0, 1, 0, 0, 0, 0, 0, 0
Well C05, DsRed - Confocal - n000629.tif, 3.651158e+02, 1.150209e+03, 311, 2.135761e+01, 1.864161e+01, 4.880205e-01, 315, 311, 1, 1.989918e+01, 9.873016e-01, 6.287006e+01, 9.384756e-01, 0, 0, 1, 0, 0, 0, 0, 0, 0
Well C05, DsRed - Confocal - n000629.tif, 3.678496e+02, 1.174032e+03, 339, 2.315607e+01, 1.881901e+01, 5.826782e-01, 347, 339, 1, 2.077566e+01, 9.769452e-01, 6.828427e+01, 1.163653e+00, 0, 0, 1, 0, 0, 0, 0, 0, 0
Well C05, DsRed - Confocal - n000629.tif, 3.749921e+02, 1.010349e+03, 378, 2.556047e+01, 1.912230e+01, 6.635634e-01, 388, 378, 1, 2.193820e+01, 9.742268e-01, 7.287006e+01, 1.141848e+00, 0, 0, 1, 0, 0, 0, 0, 0, 0
Well C05, DsRed - Confocal - n000629.tif, 3.816947e+02, 9.605000e+02, 416, 2.884202e+01, 1.864976e+01, 7.628142e-01, 428, 416, 1, 2.301451e+01, 9.719626e-01, 7.676955e+01, 1.145876e+00, 0, 0, 1, 0, 0, 0, 0, 0, 0
Well C05, DsRed - Confocal - n000629.tif, 3.827824e+02, 1.223218e+03, 432, 2.481845e+01, 2.222968e+01, 4.446756e-01, 437, 432, 1, 2.345292e+01, 9.885584e-01, 7.394113e+01, 1.643168e+00, 0, 0, 1, 0, 0, 0, 0, 0, 0
Well C05, DsRed - Confocal - n000629.tif, 3.843632e+02, 1.128391e+03, 391, 2.528317e+01, 1.979468e+01, 6.221236e-01, 402, 391, 1, 2.231225e+01, 9.726368e-01, 7.228427e+01, 1.484932e+00, 0, 0, 1, 0, 0, 0, 0, 0, 0
Well C05, DsRed - Confocal - n000629.tif, 3.868353e+02, 1.044381e+03, 431, 2.679944e+01, 2.052485e+01, 6.429971e-01, 440, 431, 1, 2.342576e+01, 9.795455e-01, 7.535534e+01, 1.246677e+00, 0, 0, 1, 0, 0, 0, 0, 0, 0
Well C05, DsRed - Confocal - n000629.tif, 3.838729e+02, 1.077897e+03, 291, 2.335770e+01, 1.617249e+01, 7.215297e-01, 301, 291, 1, 1.924871e+01, 9.667774e-01, 6.379899e+01, 7.989776e-01, 0, 0, 1, 0, 0, 0, 0, 0, 1
Well C05, DsRed - Confocal - n000629.tif, 3.956518e+02, 1.102428e+03, 313, 2.336112e+01, 1.810409e+01, 6.320021e-01, 337, 313, 1, 1.996307e+01, 9.287834e-01, 6.769848e+01, 8.624247e-01, 0, 0, 1, 0, 0, 0, 0, 0, 0
Well C05, DsRed - Confocal - n000629.tif, 3.954597e+02, 1.157321e+03, 546, 3.067735e+01, 2.271305e+01, 6.721833e-01, 557, 546, 1, 2.636643e+01, 9.802513e-01, 8.535534e+01, 2.170336e+00, 0, 0, 1, 0, 0, 0, 0, 0, 0
Well C05, DsRed - Confocal - n000629.tif, 3.990654e+02, 1.186727e+03, 535, 3.323286e+01, 2.113128e+01, 7.718084e-01, 562, 535, 1, 2.609949e+01, 9.519573e-01, 8.959798e+01, 2.248722e+00, 0, 0, 1, 0, 0, 0, 0, 0, 0
Well C05, DsRed - Confocal - n000629.tif, 4.018029e+02, 9.952165e+02, 411, 2.622197e+01, 2.013748e+01, 6.404952e-01, 421, 411, 1, 2.287578e+01, 9.762470e-01, 7.462742e+01, 1.236728e+00, 0, 0, 1, 0, 0, 0, 0, 0, 0
Well C05, DsRed - Confocal - n000629.tif, 4.051776e+02, 9.483084e+02, 321, 2.569126e+01, 1.608819e+01, 7.796525e-01, 327, 321, 1, 2.021657e+01, 9.816514e-01, 6.697056e+01, 7.582971e-01, 0, 0, 1, 0, 0, 0, 0, 0, 0
Well C05, DsRed - Confocal - n000629.tif, 4.145130e+02, 1.041320e+03, 347, 2.558540e+01, 1.843828e+01, 6.932924e-01, 384, 347, 1, 2.101937e+01, 9.036458e-01, 7.628427e+01, 7.583886e-01, 0, 0, 1, 0, 0, 0, 0, 0, 0
Well C05, DsRed - Confocal - n000629.tif, 4.242409e+02, 1.123634e+03, 465, 2.909595e+01, 2.096577e+01, 6.933787e-01, 489, 465, 1, 2.433221e+01, 9.509202e-01, 8.135534e+01, 1.762097e+00, 0, 0, 1, 0, 0, 0, 0, 0, 0
Well C05, DsRed - Confocal - n000629.tif, 4.304373e+02, 1.168717e+03, 1411, 6.867638e+01, 3.723687e+01, 8.402444e-01, 1882, 1411, 1, 4.238562e+01, 7.497343e-01, 1.985097e+02, 6.684550e+00, 0, 0, 0, 0, 1, 0, 0, 0, 0
Well C05, DsRed - Confocal - n000629.tif, 4.319954e+02, 1.216448e+03, 435, 2.484741e+01, 2.236803e+01, 4.354445e-01, 446, 435, 1, 2.353421e+01, 9.753363e-01, 7.535534e+01, 2.325383e+00, 0, 0, 1, 0, 0, 0, 0, 0, 0
Well C05, DsRed - Confocal - n000629.tif, 4.347120e+02, 1.090797e+03, 316, 2.093114e+01, 1.949719e+01, 3.637621e-01, 331, 316, 1, 2.005851e+01, 9.546828e-01, 6.662742e+01, 5.901732e-01, 0, 0, 1, 0, 0, 0, 0, 0, 0
Well C05, DsRed - Confocal - n000629.tif, 4.447855e+02, 7.978155e+02, 401, 2.563088e+01, 1.999315e+01, 6.257278e-01, 411, 401, 1, 2.259578e+01, 9.756691e-01, 7.311270e+01, 1.501717e+00, 0, 0, 1, 0, 0, 0, 0, 0, 0
Well C05, DsRed - Confocal - n000629.tif, 4.525010e+02, 7.570459e+02, 523, 2.707187e+01, 2.466299e+01, 4.123649e-01, 535, 523, 1, 2.580512e+01, 9.775701e-01, 8.335534e+01, 2.178393e+00, 0, 0, 1, 0, 0, 0, 0, 0, 0
Well C05, DsRed - Confocal - n000629.tif, 4.628215e+02, 8.361532e+02, 790, 4.696401e+01, 2.429672e+01, 8.557753e-01, 930, 790, 1, 3.171528e+01, 8.494624e-01, 1.314975e+02, 3.110475e+00, 0, 0, 0, 0, 1, 0, 0, 0, 0
Well C05, DsRed - Confocal - n000629.tif, 4.586022e+02, 1.111129e+03, 357, 2.234459e+01, 2.050662e+01, 3.971721e-01, 363, 357, 1, 2.132010e+01, 9.834711e-01, 6.804163e+01, 1.305455e+00, 0, 0, 1, 0, 0, 0, 0, 0, 0
Well C05, DsRed - Confocal - n000629.tif, 4.612866e+02, 1.081879e+03, 321, 2.123409e+01, 1.949069e+01, 3.968205e-01, 330, 321, 1, 2.021657e+01, 9.727273e-01, 6.579899e+01, 1.046738e+00, 0, 0, 1, 0, 0, 0, 0, 0, 0
Well C05, DsRed - Confocal - n000629.tif, 4.713125e+02, 1.145019e+03, 736, 4.796435e+01, 2.326123e+01, 8.745312e-01, 899, 736, 1, 3.061216e+01, 8.186874e-01, 1.369117e+02, 3.326726e+00, 0, 0, 0, 0, 1, 0, 0, 0, 0
Well C05, DsRed - Confocal - n000629.tif, 4.686266e+02, 7.998713e+02, 474, 2.713232e+01, 2.233632e+01, 5.676983e-01, 484, 474, 1, 2.456655e+01, 9.793388e-01, 7.911270e+01, 2.149401e+00, 0, 0, 1, 0, 0, 0, 0, 0, 0
Well C05, DsRed - Confocal - n000629.tif, 4.737849e+02, 1.177468e+03, 451, 2.956341e+01, 1.956861e+01, 7.495745e-01, 459, 451, 1, 2.396312e+01, 9.825708e-01, 7.935534e+01, 1.927062e+00, 0, 0, 1, 0, 0, 0, 0, 0, 0
Well C05, DsRed - Confocal - n000629.tif, 4.803446e+02, 7.732642e+02, 386, 2.775611e+01, 1.779167e+01, 7.675408e-01, 394, 386, 1, 2.216913e+01, 9.796954e-01, 7.369848e+01, 1.701106e+00, 0, 0, 1, 0, 0, 0, 0, 0, 0
Well C05, DsRed - Confocal - n000629.tif, 4.875747e+02, 4.549080e+02, 435, 2.416000e+01, 2.302674e+01, 3.026762e-01, 440, 435, 1, 2.353421e+01, 9.886364e-01, 7.487006e+01, 1.264012e+00, 0, 0, 1, 0, 0, 0, 0, 0, 0
Well C05, DsRed - Confocal - n000629.tif, 4.886577e+02, 7.484060e+02, 298, 2.117026e+01, 1.811710e+01, 5.173387e-01, 307, 298, 1, 1.947884e+01, 9.706840e-01, 6.321320e+01, 1.008270e+00, 0, 0, 1, 0, 0, 0, 0, 0, 1
Well C05, DsRed - Confocal - n000629.tif, 4.896059e+02, 1.110551e+03, 439, 2.666348e+01, 2.108504e+01, 6.120961e-01, 450, 439, 1, 2.364217e+01, 9.755556e-01, 7.711270e+01, 1.341543e+00, 0, 0, 1, 0, 0, 0, 0, 0, 0
Well C05, DsRed - Confocal - n000629.tif, 4.911822e+02, 8.188037e+02, 428, 2.688162e+01, 2.035251e+01, 6.532805e-01, 435, 428, 1, 2.334409e+01, 9.839080e-01, 7.511270e+01, 1.599130e+00, 0, 0, 1, 0, 0, 0, 0, 0, 0
Well C05, DsRed - Confocal - n000629.tif, 5.006356e+02, 1.179197e+03, 376, 2.477963e+01, 1.939673e+01, 6.223126e-01, 384, 376, 1, 2.188008e+01, 9.791667e-01, 7.087006e+01, 1.845106e+00, 0, 0, 1, 0, 0, 0, 0, 0, 0
Well C05, DsRed - Confocal - n000629.tif, 5.040149e+02, 1.152675e+03, 335, 2.193276e+01, 1.967424e+01, 4.419793e-01, 349, 335, 1, 2.065273e+01, 9.598854e-01, 6.769848e+01, 1.083680e+00, 0, 0, 1, 0, 0, 0, 0, 0, 0
Well C05, DsRed - Confocal - n000629.tif, 5.051981e+02, 7.696625e+02, 323, 2.528010e+01, 1.659554e+01, 7.543552e-01, 334, 323, 1, 2.027946e+01, 9.670659e-01, 6.711270e+01, 1.137835e+00, 0, 0, 1, 0, 0, 0, 0, 0, 0
Well C05, DsRed - Confocal - n000629.tif, 5.171851e+02, 8.030455e+02, 308, 2.215060e+01, 1.777807e+01, 5.965177e-01, 315, 308, 1, 1.980297e+01, 9.777778e-01, 6.369848e+01, 1.065202e+00, 0, 0, 1, 0, 0, 0, 0, 0, 0
Well C05, DsRed - Confocal - n000629.tif, 5.158372e+02, 7.497364e+02, 258, 2.088794e+01, 1.583795e+01, 6.519820e-01, 262, 258, 1, 1.812445e+01, 9.847328e-01, 5.721320e+01, 7.123674e-01, 0, 0, 1, 0, 0, 0, 0, 0, 1
Well C05, DsRed - Confocal - n000629.tif, 5.217614e+02, 4.952313e+02, 415, 2.572823e+01, 2.061533e+01, 5.982994e-01, 425, 415, 1, 2.298683e+01, 9.764706e-01, 7.511270e+01, 1.425788e+00, 0, 0, 1, 0, 0, 0, 0, 0, 0
Well C05, DsRed - Confocal - n000629.tif, 5.293449e+02, 7.772787e+02, 287, 2.124864e+01, 1.734346e+01, 5.777483e-01, 295, 287, 1, 1.911596e+01, 9.728814e-01, 6.145584e+01, 9.159838e-01, 0, 0, 1, 0, 0, 0, 0, 0, 1
Well C05, DsRed - Confocal - n000629.tif, 5.322395e+02, 1.146202e+03, 405, 2.341453e+01, 2.216823e+01, 3.219036e-01, 415, 405, 1, 2.270819e+01, 9.759036e-01, 7.252691e+01, 1.162661e+00, 0, 0, 1, 0, 0, 0, 0, 0, 0
Well C05, DsRed - Confocal - n000629.tif, 5.364031e+02, 1.174025e+03, 325, 2.094649e+01, 1.988762e+01, 3.139207e-01, 331, 325, 1, 2.034214e+01, 9.818731e-01, 6.462742e+01, 1.065980e+00, 0, 0, 1, 0, 0, 0, 0, 0, 0
Well C05, DsRed - Confocal - n000629.tif, 5.398575e+02, 4.543808e+02, 386, 2.822248e+01, 1.754314e+01, 7.833336e-01, 390, 386, 1, 2.216913e+01, 9.897436e-01, 7.287006e+01, 1.384955e+00, 0, 0, 1, 0, 0, 0, 0, 0, 0
Well C05, DsRed - Confocal - n000629.tif, 5.449400e+02, 4.107650e+02, 400, 2.369207e+01, 2.165389e+01, 4.057769e-01, 405, 400, 1, 2.256758e+01, 9.876543e-01, 7.169848e+01, 1.240040e+00, 0, 0, 1, 0, 0, 0, 0, 0, 0
Well C05, DsRed - Confocal - n000629.tif, 5.521818e+02, 5.013240e+02, 429, 2.402616e+01, 2.286157e+01, 3.075619e-01, 439, 429, 1, 2.337134e+01, 9.772210e-01, 7.569848e+01, 1.413672e+00, 0, 0, 1, 0, 0, 0, 0, 0, 0
Well C05, DsRed - Confocal - n000629.tif, 5.522065e+02, 5.278583e+02, 247, 1.854460e+01, 1.709358e+01, 3.877721e-01, 255, 247, 1, 1.773387e+01, 9.686275e-01, 5.721320e+01, 4.882887e-01, 0, 0, 1, 0, 0, 0, 0, 0, 1
Well C05, DsRed - Confocal - n000629.tif, 5.807568e+02, 1.532169e+03, 148, 1.863989e+01, 1.073925e+01, 8.173485e-01, 154, 148, 1, 1.372733e+01, 9.610390e-01, 4.731371e+01, 2.882734e-01, 1, 0, 1, 0, 0, 0, 0, 0, 1
Well C05, DsRed - Confocal - n000629.tif, 6.875935e+02, 1.042057e+03, 246, 1.946890e+01, 1.628574e+01, 5.479662e-01, 254, 246, 1, 1.769794e+01, 9.685039e-01, 5.745584e+01, 4.572976e-01, 0, 0, 1, 0, 0, 0, 0, 0, 1
Well C05, DsRed - Confocal - n000629.tif, 6.934928e+02, 9.572010e+02, 418, 3.025822e+01, 1.764754e+01, 8.123062e-01, 431, 418, 1, 2.306977e+01, 9.698376e-01, 7.818377e+01, 1.139528e+00, 0, 0, 1, 0, 0, 0, 0, 0, 0
Well C05, DsRed - Confocal - n000629.tif, 7.048040e+02, 8.376811e+02, 301, 2.026437e+01, 1.910103e+01, 3.339473e-01, 310, 301, 1, 1.957665e+01, 9.709677e-01, 6.287006e+01, 7.517967e-01, 0, 0, 1, 0, 0, 0, 0, 0, 0
Well C05, DsRed - Confocal - n000629.tif, 7.139125e+02, 1.196475e+03, 160, 1.684158e+01, 1.253377e+01, 6.679393e-01, 167, 160, 1, 1.427299e+01, 9.580838e-01, 4.731371e+01, 2.392157e-01, 0, 0, 1, 0, 0, 0, 0, 0, 1
Well C05, DsRed - Confocal - n000629.tif, 7.329299e+02, 5.460818e+02, 428, 2.425577e+01, 2.253239e+01, 3.702059e-01, 435, 428, 1, 2.334409e+01, 9.839080e-01, 7.452691e+01, 1.073030e+00, 0, 0, 1, 0, 0, 0, 0, 0, 0
Well C05, DsRed - Confocal - n000629.tif, 7.436652e+02, 5.715798e+02, 445, 2.603187e+01, 2.192230e+01, 5.392697e-01, 457, 445, 1, 2.380318e+01, 9.737418e-01, 7.769848e+01, 1.283574e+00, 0, 0, 1, 0, 0, 0, 0, 0, 0
Well C05, DsRed - Confocal - n000629.tif, 7.419085e+02, 9.371765e+02, 306, 2.361831e+01, 1.661012e+01, 7.109200e-01, 320, 306, 1, 1.973857e+01, 9.562500e-01, 6.545584e+01, 7.660029e-01, 0, 0, 1, 0, 0, 0, 0, 0, 0
Well C05, DsRed - Confocal - n000629.tif, 7.457545e+02, 6.082791e+02, 387, 2.315758e+01, 2.135748e+01, 3.865525e-01, 394, 387, 1, 2.219783e+01, 9.822335e-01, 7.111270e+01, 1.003799e+00, 0, 0, 1, 0, 0, 0, 0, 0, 0
Well C05, DsRed - Confocal - n000629.tif, 7.573204e+02, 8.843753e+02, 437, 2.702106e+01, 2.068887e+01, 6.432489e-01, 445, 437, 1, 2.358825e+01, 9.820225e-01, 7.652691e+01, 1.499611e+00, 0, 0, 1, 0, 0, 0, 0, 0, 0
Well C05, DsRed - Confocal - n000629.tif, 7.659815e+02, 6.336519e+02, 270, 2.340465e+01, 1.483825e+01, 7.733436e-01, 277, 270, 1, 1.854116e+01, 9.747292e-01, 6.179899e+01, 7.686732e-01, 0, 0, 1, 0, 0, 1, 0, 0, 1
Well C05, DsRed - Confocal - n000629.tif, 7.769877e+02, 5.478607e+02, 488, 2.864278e+01, 2.179134e+01, 6.489901e-01, 500, 488, 1, 2.492671e+01, 9.760000e-01, 8.159798e+01, 1.383169e+00, 0, 0, 1, 0, 0, 0, 0, 0, 0
Well C05, DsRed - Confocal - n000629.tif, 7.744895e+02, 5.775148e+02, 237, 2.155188e+01, 1.413081e+01, 7.550522e-01, 243, 237, 1, 1.737118e+01, 9.753086e-01, 5.628427e+01, 6.568704e-01, 0, 0, 1, 0, 0, 0, 0, 0, 1
Well C05, DsRed - Confocal - n000629.tif, 7.800264e+02, 5.228630e+02, 416, 2.525147e+01, 2.121200e+01, 5.425397e-01, 428, 416, 1, 2.301451e+01, 9.719626e-01, 7.594113e+01, 9.792782e-01, 0, 0, 1, 0, 0, 0, 0, 0, 0
Well C05, DsRed - Confocal - n000629.tif, 7.871015e+02, 9.908564e+02, 404, 2.653282e+01, 1.954541e+01, 6.762740e-01, 419, 404, 1, 2.268014e+01, 9.642005e-01, 7.638478e+01, 9.200885e-01, 0, 0, 1, 0, 0, 0, 0, 0, 0
Well C05, DsRed - Confocal - n000629.tif, 7.867787e+02, 1.106579e+03, 366, 2.303794e+01, 2.031925e+01, 4.712666e-01, 376, 366, 1, 2.158716e+01, 9.734043e-01, 6.911270e+01, 1.046403e+00, 0, 0, 1, 0, 0, 0, 0, 0, 0
Well C05, DsRed - Confocal - n000629.tif, 7.937343e+02, 9.323347e+02, 478, 3.099001e+01, 1.980490e+01, 7.691457e-01, 492, 478, 1, 2.466999e+01, 9.715447e-01, 8.276955e+01, 1.395315e+00, 0, 0, 1, 0, 0, 0, 0, 0, 0
Well C05, DsRed - Confocal - n000629.tif, 788, 5.935000e+02, 30, 6.928203e+00, 5.773503e+00, 5.527708e-01, 30, 30, 1, 6.180387e+00, 1, 18, 4.306096e-02, 0, 0, 1, 0, 0, 0, 1, 0, 0
Well C05, DsRed - Confocal - n000629.tif, 7.988182e+02, 6.141193e+02, 176, 1.973900e+01, 1.159977e+01, 8.091097e-01, 182, 176, 1, 1.496964e+01, 9.670330e-01, 5.038478e+01, 5.791562e-01, 0, 0, 1, 0, 0, 0, 1, 0, 1
Well C05, DsRed - Confocal - n000629.tif, 8.059315e+02, 5.709079e+02, 467, 2.723405e+01, 2.219826e+01, 5.793313e-01, 485, 467, 1, 2.438448e+01, 9.628866e-01, 7.994113e+01, 1.287495e+00, 0, 0, 1, 0, 0, 0, 0, 0, 0
Well C05, DsRed - Confocal - n000629.tif, 8.204241e+02, 5.191013e+02, 316, 2.274631e+01, 1.810526e+01, 6.053433e-01, 335, 316, 1, 2.005851e+01, 9.432836e-01, 6.745584e+01, 6.935073e-01, 0, 0, 1, 0, 0, 0, 0, 0, 0
Well C05, DsRed - Confocal - n000629.tif, 8.241854e+02, 6.014460e+02, 426, 2.545755e+01, 2.191516e+01, 5.088568e-01, 458, 426, 1, 2.328948e+01, 9.301310e-01, 7.911270e+01, 1.150027e+00, 0, 0, 1, 0, 0, 0, 0, 0, 0
Well C05, DsRed - Confocal - n000629.tif, 8.250556e+02, 6.313333e+02, 324, 2.433308e+01, 1.726625e+01, 7.046255e-01, 331, 324, 1, 2.031083e+01, 9.788520e-01, 6.638478e+01, 1.116793e+00, 0, 0, 1, 0, 0, 0, 0, 0, 0
Well C05, DsRed - Confocal - n000629.tif, 8.421229e+02, 5.455614e+02, 415, 2.747939e+01, 1.951729e+01, 7.039477e-01, 429, 415, 1, 2.298683e+01, 9.673660e-01, 7.594113e+01, 1.023178e+00, 0, 0, 1, 0, 0, 0, 0, 0, 0
Well C05, DsRed - Confocal - n000629.tif, 8.380533e+02, 1.322846e+03, 169, 1.677437e+01, 1.298381e+01, 6.331530e-01, 175, 169, 1, 1.466893e+01, 9.657143e-01, 4.814214e+01, 2.818036e-01, 0, 0, 1, 0, 0, 0, 0, 0, 1
Well C05, DsRed - Confocal - n000629.tif, 8.496288e+02, 5.924369e+02, 396, 2.704311e+01, 1.871578e+01, 7.218285e-01, 408, 396, 1, 2.245446e+01, 9.705882e-01, 7.394113e+01, 9.550317e-01, 0, 0, 1, 0, 0, 0, 0, 0, 0
Well C05, DsRed - Confocal - n000629.tif, 8.633358e+02, 6.496387e+02, 548, 2.890285e+01, 2.435529e+01, 5.384454e-01, 562, 548, 1, 2.641468e+01, 9.750890e-01, 8.535534e+01, 1.590875e+00, 0, 0, 1, 0, 0, 0, 0, 0, 0
Well C05, DsRed - Confocal - n000629.tif, 8.768717e+02, 9.010615e+02, 374, 2.241595e+01, 2.180361e+01, 2.321384e-01, 393, 374, 1, 2.182181e+01, 9.516539e-01, 7.287006e+01, 1.222263e+00, 0, 0, 1, 0, 0, 0, 0, 0, 0
Well C05, DsRed - Confocal - n000629.tif, 8.787663e+02, 1.517658e+03, 368, 2.833712e+01, 1.744715e+01, 7.879812e-01, 396, 368, 1, 2.164607e+01, 9.292929e-01, 7.511270e+01, 1.549752e+00, 0, 0, 1, 0, 0, 0, 0, 0, 0
Well C05, DsRed - Confocal - n000629.tif, 8.870945e+02, 6.082957e+02, 328, 2.638516e+01, 1.615689e+01, 7.905885e-01, 341, 328, 1, 2.043582e+01, 9.618768e-01, 6.887006e+01, 1.077928e+00, 0, 0, 1, 0, 0, 0, 0, 0, 0
Well C05, DsRed - Confocal - n000629.tif, 9.018737e+02, 1.523271e+03, 388, 2.537574e+01, 1.970379e+01, 6.301399e-01, 402, 388, 1, 2.222649e+01, 9.651741e-01, 7.428427e+01, 9.508202e-01, 0, 0, 1, 0, 0, 0, 0, 0, 0
Well C05, DsRed - Confocal - n000629.tif, 9.071885e+02, 5.843192e+02, 260, 2.148732e+01, 1.585491e+01, 6.749398e-01, 270, 260, 1, 1.819457e+01, 9.629630e-01, 6.062742e+01, 6.759594e-01, 0, 0, 1, 0, 0, 0, 0, 0, 1
Well C05, DsRed - Confocal - n000629.tif, 9.118333e+02, 6.438711e+02, 318, 2.275475e+01, 1.833858e+01, 5.920198e-01, 332, 318, 1, 2.012188e+01, 9.578313e-01, 6.569848e+01, 1.188952e+00, 0, 0, 1, 0, 0, 0, 0, 0, 0
Well C05, DsRed - Confocal - n000629.tif, 9.115016e+02, 6.094984e+02, 317, 2.316088e+01, 1.756306e+01, 6.518977e-01, 325, 317, 1, 2.009022e+01, 9.753846e-01, 6.545584e+01, 8.548104e-01, 0, 0, 1, 0, 0, 0, 0, 0, 0
Well C05, DsRed - Confocal - n000629.tif, 9.229496e+02, 1.494911e+03, 496, 2.765637e+01, 2.289484e+01, 5.609752e-01, 506, 496, 1, 2.513020e+01, 9.802372e-01, 8.076955e+01, 2.822339e+00, 0, 0, 1, 0, 0, 0, 0, 0, 0
Well C05, DsRed - Confocal - n000629.tif, 9.393418e+02, 1.466709e+03, 354, 2.221134e+01, 2.042535e+01, 3.928771e-01, 364, 354, 1, 2.123033e+01, 9.725275e-01, 6.862742e+01, 8.013428e-01, 0, 0, 1, 0, 0, 0, 0, 0, 0
Well C05, DsRed - Confocal - n000629.tif, 9.424022e+02, 1.530246e+03, 276, 2.444814e+01, 1.516495e+01, 7.843720e-01, 286, 276, 1, 1.874604e+01, 9.650350e-01, 6.555635e+01, 1.107301e+00, 1, 0, 1, 0, 0, 0, 0, 0, 1
Well C05, DsRed - Confocal - n000629.tif, 9.382879e+02, 6.441212e+02, 132, 1.458800e+01, 1.166939e+01, 6.000928e-01, 136, 132, 1, 1.296409e+01, 9.705882e-01, 4.072792e+01, 2.346990e-01, 0, 0, 1, 0, 0, 0, 0, 0, 1
Well C05, DsRed - Confocal - n000629.tif, 9.617265e+02, 8.162520e+02, 373, 2.559789e+01, 1.867805e+01, 6.837981e-01, 380, 373, 1, 2.179262e+01, 9.815789e-01, 7.087006e+01, 1.459922e+00, 0, 0, 1, 0, 0, 0, 0, 0, 0
Well C05, DsRed - Confocal - n000629.tif, 9.660984e+02, 1.263207e+03, 488, 2.848886e+01, 2.235661e+01, 6.198134e-01, 507, 488, 1, 2.492671e+01, 9.625247e-01, 8.335534e+01, 2.230457e+00, 0, 0, 1, 0, 0, 0, 0, 0, 0
Well C05, DsRed - Confocal - n000629.tif, 9.670812e+02, 6.220278e+02, 431, 2.996644e+01, 1.867849e+01, 7.819721e-01, 454, 431, 1, 2.342576e+01, 9.493392e-01, 7.959798e+01, 1.249729e+00, 0, 0, 1, 0, 0, 0, 0, 0, 0
Well C05, DsRed - Confocal - n000629.tif, 9.648351e+02, 1.491782e+03, 376, 2.649302e+01, 1.847181e+01, 7.168443e-01, 398, 376, 1, 2.188008e+01, 9.447236e-01, 7.452691e+01, 1.426810e+00, 0, 0, 1, 0, 0, 0, 0, 0, 0
Well C05, DsRed - Confocal - n000629.tif, 9.737604e+02, 1.219393e+03, 338, 2.292566e+01, 1.883919e+01, 5.698466e-01, 344, 338, 1, 2.074500e+01, 9.825581e-01, 6.569848e+01, 1.847471e+00, 0, 0, 1, 0, 0, 0, 0, 0, 0
Well C05, DsRed - Confocal - n000629.tif, 9.776571e+02, 1.184974e+03, 382, 2.499724e+01, 1.960543e+01, 6.203770e-01, 393, 382, 1, 2.205397e+01, 9.720102e-01, 7.169848e+01, 1.677440e+00, 0, 0, 1, 0, 0, 0, 0, 0, 0
Well C05, DsRed - Confocal - n000629.tif, 9.778287e+02, 5.996678e+02, 286, 1.938770e+01, 1.888176e+01, 2.269615e-01, 290, 286, 1, 1.908262e+01, 9.862069e-01, 6.004163e+01, 8.921035e-01, 0, 0, 1, 0, 0, 0, 0, 0, 1
Well C05, DsRed - Confocal - n000629.tif, 9.768873e+02, 1.519116e+03, 284, 2.293745e+01, 1.626912e+01, 7.049249e-01, 300, 284, 1, 1.901578e+01, 9.466667e-01, 6.404163e+01, 8.957046e-01, 0, 0, 1, 0, 0, 0, 0, 0, 1
Well C05, DsRed - Confocal - n000629.tif, 9.899673e+02, 8.592618e+02, 275, 2.286510e+01, 1.567274e+01, 7.281256e-01, 291, 275, 1, 1.871205e+01, 9.450172e-01, 6.345584e+01, 5.447318e-01, 0, 0, 1, 0, 0, 0, 1, 0, 1
Well C05, DsRed - Confocal - n000629.tif, 9.924461e+02, 1.249461e+03, 343, 2.383867e+01, 1.851463e+01, 6.299156e-01, 351, 343, 1, 2.089787e+01, 9.772080e-01, 6.804163e+01, 1.671748e+00, 0, 0, 1, 0, 0, 0, 0, 0, 0
Well C05, DsRed - Confocal - n000629.tif, 9.939844e+02, 1.156070e+03, 385, 2.391273e+01, 2.078540e+01, 4.944269e-01, 392, 385, 1, 2.214040e+01, 9.821429e-01, 7.087006e+01, 1.685939e+00, 0, 0, 1, 0, 0, 0, 0, 0, 0
Well C05, DsRed - Confocal - n000629.tif, 9.963473e+02, 1.275946e+03, 334, 2.426081e+01, 1.759921e+01, 6.883092e-01, 339, 334, 1, 2.062188e+01, 9.852507e-01, 6.628427e+01, 1.496605e+00, 0, 0, 1, 0, 0, 0, 0, 0, 0
Well C05, DsRed - Confocal - n000629.tif, 1.001957e+03, 1.214952e+03, 416, 2.650340e+01, 2.013264e+01, 6.503614e-01, 427, 416, 1, 2.301451e+01, 9.742389e-01, 7.487006e+01, 1.491005e+00, 0, 0, 1, 0, 0, 0, 0, 0, 0
Well C05, DsRed - Confocal - n000629.tif, 1.019409e+03, 1.283365e+03, 364, 2.357733e+01, 1.986169e+01, 5.388432e-01, 375, 364, 1, 2.152810e+01, 9.706667e-01, 6.945584e+01, 1.540688e+00, 0, 0, 1, 0, 0, 0, 0, 0, 0
Well C05, DsRed - Confocal - n000629.tif, 1.021720e+03, 1.114955e+03, 354, 2.316085e+01, 1.955111e+01, 5.361152e-01, 360, 354, 1, 2.123033e+01, 9.833333e-01, 6.745584e+01, 9.124590e-01, 0, 0, 1, 0, 0, 0, 0, 0, 0
Well C05, DsRed - Confocal - n000629.tif, 1.020475e+03, 1.184592e+03, 400, 2.805311e+01, 1.873454e+01, 7.443191e-01, 410, 400, 1, 2.256758e+01, 9.756098e-01, 7.687006e+01, 1.376349e+00, 0, 0, 1, 0, 0, 0, 0, 0, 0
Well C05, DsRed - Confocal - n000629.tif, 1.023866e+03, 1.149010e+03, 396, 2.560209e+01, 1.979191e+01, 6.343348e-01, 405, 396, 1, 2.245446e+01, 9.777778e-01, 7.252691e+01, 1.419272e+00, 0, 0, 1, 0, 0, 0, 0, 0, 0
Well C05, DsRed - Confocal - n000629.tif, 1.027083e+03, 1.253433e+03, 471, 2.833981e+01, 2.130466e+01, 6.594398e-01, 478, 471, 1, 2.448869e+01, 9.853556e-01, 7.887006e+01, 2.181949e+00, 0, 0, 1, 0, 0, 0, 0, 0, 0
Well C05, DsRed - Confocal - n000629.tif, 1.029297e+03, 1.221227e+03, 458, 2.578148e+01, 2.268734e+01, 4.749999e-01, 470, 458, 1, 2.414837e+01, 9.744681e-01, 7.794113e+01, 1.954604e+00, 0, 0, 1, 0, 0, 0, 0, 0, 0
Well C05, DsRed - Confocal - n000629.tif, 1.047310e+03, 1.198264e+03, 277, 2.260609e+01, 1.570105e+01, 7.194450e-01, 286, 277, 1, 1.877997e+01, 9.685315e-01, 6.087006e+01, 1.049058e+00, 0, 0, 1, 0, 0, 0, 0, 0, 1
Well C05, DsRed - Confocal - n000629.tif, 1.051814e+03, 1.135701e+03, 311, 2.238862e+01, 1.805053e+01, 5.915931e-01, 325, 311, 1, 1.989918e+01, 9.569231e-01, 6.487006e+01, 6.415045e-01, 0, 0, 1, 0, 0, 0, 0, 0, 0
Well C05, DsRed - Confocal - n000629.tif, 1.056509e+03, 1.165475e+03, 434, 2.578086e+01, 2.157684e+01, 5.473062e-01, 441, 434, 1, 2.350715e+01, 9.841270e-01, 7.535534e+01, 1.395407e+00, 0, 0, 1, 0, 0, 0, 0, 0, 0
Well C05, DsRed - Confocal - n000629.tif, 1.058693e+03, 1.279487e+03, 374, 2.503311e+01, 1.940870e+01, 6.315672e-01, 389, 374, 1, 2.182181e+01, 9.614396e-01, 7.228427e+01, 1.361486e+00, 0, 0, 1, 0, 0, 0, 0, 0, 0
Well C05, DsRed - Confocal - n000629.tif, 1.059154e+03, 1.106670e+03, 306, 2.118018e+01, 1.853873e+01, 4.836049e-01, 313, 306, 1, 1.973857e+01, 9.776358e-01, 6.262742e+01, 7.376211e-01, 0, 0, 1, 0, 0, 0, 0, 0, 0
Well C05, DsRed - Confocal - n000629.tif, 1.060860e+03, 1.243916e+03, 356, 2.354905e+01, 1.950957e+01, 5.600407e-01, 361, 356, 1, 2.129022e+01, 9.861496e-01, 6.769848e+01, 1.576776e+00, 0, 0, 1, 0, 0, 0, 0, 0, 0
Well C05, DsRed - Confocal - n000629.tif, 1.073189e+03, 1.191407e+03, 285, 2.127490e+01, 1.737873e+01, 5.768280e-01, 294, 285, 1, 1.904923e+01, 9.693878e-01, 6.228427e+01, 8.051575e-01, 0, 0, 1, 0, 0, 0, 0, 0, 1
Well C05, DsRed - Confocal - n000629.tif, 1.088267e+03, 1.309500e+03, 348, 2.440217e+01, 1.861375e+01, 6.466456e-01, 360, 348, 1, 2.104964e+01, 9.666667e-01, 6.969848e+01, 1.472084e+00, 0, 0, 1, 0, 0, 0, 0, 0, 0
Well C05, DsRed - Confocal - n000629.tif, 1.090313e+03, 1.269197e+03, 386, 2.359659e+01, 2.096299e+01, 4.590885e-01, 395, 386, 1, 2.216913e+01, 9.772152e-01, 7.087006e+01, 1.697917e+00, 0, 0, 1, 0, 0, 0, 0, 0, 0
Well C05, DsRed - Confocal - n000629.tif, 1.134411e+03, 9.118067e+02, 419, 2.536387e+01, 2.112761e+01, 5.533021e-01, 430, 419, 1, 2.309735e+01, 9.744186e-01, 7.476955e+01, 1.164187e+00, 0, 0, 1, 0, 0, 0, 0, 0, 0
Well C05, DsRed - Confocal - n000629.tif, 1.225678e+03, 3.614488e+02, 283, 2.264443e+01, 1.610791e+01, 7.028471e-01, 290, 283, 1, 1.898228e+01, 9.758621e-01, 6.169848e+01, 1.203433e+00, 0, 0, 1, 0, 0, 0, 0, 0, 1
Well C05, DsRed - Confocal - n000629.tif, 1.240932e+03, 3.357233e+02, 365, 2.408421e+01, 1.952510e+01, 5.854602e-01, 374, 365, 1, 2.155765e+01, 9.759358e-01, 7.028427e+01, 1.461357e+00, 0, 0, 1, 0, 0, 0, 0, 0, 0
Well C05, DsRed - Confocal - n000629.tif, 1.257124e+03, 3.133266e+02, 346, 2.447288e+01, 1.807336e+01, 6.742474e-01, 353, 346, 1, 2.098907e+01, 9.801700e-01, 6.735534e+01, 1.096651e+00, 0, 0, 1, 0, 0, 0, 0, 0, 0
Well C05, DsRed - Confocal - n000629.tif, 1.262072e+03, 3.626187e+02, 417, 2.412591e+01, 2.212828e+01, 3.984279e-01, 431, 417, 1, 2.304215e+01, 9.675174e-01, 7.476955e+01, 1.388540e+00, 0, 0, 1, 0, 0, 0, 0, 0, 0
Well C05, DsRed - Confocal - n000629.tif, 1.280548e+03, 3.046226e+02, 363, 2.694023e+01, 1.734518e+01, 7.651606e-01, 370, 363, 1, 2.149851e+01, 9.810811e-01, 7.228427e+01, 1.076402e+00, 0, 0, 1, 0, 0, 0, 0, 0, 0
Well C05, DsRed - Confocal - n000629.tif, 1.279824e+03, 3.414932e+02, 221, 1.964213e+01, 1.450765e+01, 6.741456e-01, 227, 221, 1, 1.677456e+01, 9.735683e-01, 5.438478e+01, 8.523384e-01, 0, 0, 1, 0, 0, 0, 1, 0, 1
Well C05, DsRed - Confocal - n000629.tif, 1.296513e+03, 3.868416e+02, 524, 3.172354e+01, 2.148889e+01, 7.356334e-01, 553, 524, 1, 2.582978e+01, 9.475588e-01, 8.818377e+01, 1.997604e+00, 0, 0, 1, 0, 0, 0, 0, 0, 0
Well C05, DsRed - Confocal - n000629.tif, 1.307486e+03, 3.397247e+02, 465, 2.689021e+01, 2.209175e+01, 5.701314e-01, 477, 465, 1, 2.433221e+01, 9.748428e-01, 7.852691e+01, 1.518181e+00, 0, 0, 1, 0, 0, 0, 0, 0, 0
Well C05, DsRed - Confocal - n000629.tif, 1.342456e+03, 3.366456e+02, 539, 2.803414e+01, 2.466333e+01, 4.754174e-01, 547, 539, 1, 2.619687e+01, 9.853748e-01, 8.418377e+01, 2.242313e+00, 0, 0, 1, 0, 0, 0, 0, 0, 0
Well C05, DsRed - Confocal - n000629.tif, 1.352822e+03, 5.315296e+02, 287, 2.149392e+01, 1.733835e+01, 5.910117e-01, 294, 287, 1, 1.911596e+01, 9.761905e-01, 6.179899e+01, 7.910582e-01, 0, 0, 1, 0, 0, 0, 0, 0, 1
Well C05, DsRed - Confocal - n000629.tif, 1351, 356, 25, 5.773503e+00, 5.773503e+00, 0, 25, 25, 1, 5.641896e+00, 1, 16, 3.709468e-02, 0, 1, 0, 0, 0, 0, 0, 0, 0
Well C05, DsRed - Confocal - n000629.tif, 1.362787e+03, 6.604726e+02, 493, 2.635367e+01, 2.389559e+01, 4.217181e-01, 501, 493, 1, 2.505408e+01, 9.840319e-01, 7.994113e+01, 1.617060e+00, 0, 0, 1, 0, 0, 0, 0, 0, 0
Well C05, DsRed - Confocal - n000629.tif, 1.360036e+03, 6.087589e+02, 224, 2.021341e+01, 1.427255e+01, 7.081190e-01, 230, 224, 1, 1.688803e+01, 9.739130e-01, 5.497056e+01, 7.789425e-01, 0, 0, 1, 0, 0, 0, 1, 0, 1
Well C05, DsRed - Confocal - n000629.tif, 1.364527e+03, 8.533365e+02, 419, 2.610223e+01, 2.049468e+01, 6.192803e-01, 424, 419, 1, 2.309735e+01, 9.882075e-01, 7.335534e+01, 1.453803e+00, 0, 0, 1, 0, 0, 0, 0, 0, 0
Well C05, DsRed - Confocal - n000629.tif, 1.365143e+03, 3.443537e+02, 147, 2.030131e+01, 9.806508e+00, 8.755938e-01, 159, 147, 1, 1.368087e+01, 9.245283e-01, 4.979899e+01, 2.833906e-01, 0, 1, 0, 0, 0, 0, 0, 0, 1
Well C05, DsRed - Confocal - n000629.tif, 1.364291e+03, 8.167989e+02, 189, 1.786832e+01, 1.363902e+01, 6.460357e-01, 196, 189, 1, 1.551265e+01, 9.642857e-01, 4.979899e+01, 3.948119e-01, 0, 0, 1, 0, 0, 0, 0, 0, 1
Well C05, DsRed - Confocal - n000629.tif, 1.373958e+03, 5.745878e+02, 524, 2.737658e+01, 2.444124e+01, 4.504948e-01, 534, 524, 1, 2.582978e+01, 9.812734e-01, 8.276955e+01, 1.642786e+00, 0, 0, 1, 0, 0, 0, 0, 0, 0
Well C05, DsRed - Confocal - n000629.tif, 1.382465e+03, 7.270371e+02, 701, 3.115157e+01, 2.877458e+01, 3.831258e-01, 719, 701, 1, 2.987542e+01, 9.749652e-01, 9.749747e+01, 2.238666e+00, 0, 0, 1, 0, 0, 0, 0, 0, 0
Well C05, DsRed - Confocal - n000629.tif, 1.378038e+03, 8.888893e+02, 289, 2.332328e+01, 1.598555e+01, 7.281761e-01, 299, 289, 1, 1.918245e+01, 9.665552e-01, 6.311270e+01, 1.015259e+00, 0, 0, 1, 0, 0, 0, 0, 0, 1
Well C05, DsRed - Confocal - n000629.tif, 1.386202e+03, 7.877533e+02, 535, 2.709753e+01, 2.521204e+01, 3.664988e-01, 544, 535, 1, 2.609949e+01, 9.834559e-01, 8.335534e+01, 2.097704e+00, 0, 0, 1, 0, 0, 0, 0, 0, 0
Well C05, DsRed - Confocal - n000629.tif, 1.379419e+03, 6.128547e+02, 117, 1.444331e+01, 1.051855e+01, 6.852961e-01, 119, 117, 1, 1.220529e+01, 9.831933e-01, 3.848528e+01, 1.967651e-01, 0, 0, 1, 0, 0, 0, 1, 0, 1
Well C05, DsRed - Confocal - n000629.tif, 1.385664e+03, 5.460226e+02, 354, 2.357087e+01, 1.925092e+01, 5.770275e-01, 361, 354, 1, 2.123033e+01, 9.806094e-01, 6.769848e+01, 1.182238e+00, 0, 0, 1, 0, 0, 0, 0, 0, 0
Well C05, DsRed - Confocal - n000629.tif, 1.389278e+03, 8.392433e+02, 374, 2.520909e+01, 1.910232e+01, 6.525387e-01, 381, 374, 1, 2.182181e+01, 9.816273e-01, 7.052691e+01, 1.710750e+00, 0, 0, 1, 0, 0, 0, 0, 0, 0
Well C05, DsRed - Confocal - n000629.tif, 1.398727e+03, 5.220295e+02, 373, 2.430748e+01, 1.976014e+01, 5.823697e-01, 383, 373, 1, 2.179262e+01, 9.738903e-01, 7.262742e+01, 1.027359e+00, 0, 0, 1, 0, 0, 0, 0, 0, 0
Well C05, DsRed - Confocal - n000629.tif, 1.398255e+03, 6.239935e+02, 153, 1.625926e+01, 1.216693e+01, 6.633519e-01, 158, 153, 1, 1.395728e+01, 9.683544e-01, 4.472792e+01, 2.456703e-01, 0, 0, 1, 0, 0, 0, 0, 0, 1
Well C05, DsRed - Confocal - n000629.tif, 1.405916e+03, 6.771482e+02, 479, 2.879960e+01, 2.135009e+01, 6.711377e-01, 491, 479, 1, 2.469578e+01, 9.755601e-01, 8.076955e+01, 1.945144e+00, 0, 0, 1, 0, 0, 0, 0, 0, 0
Well C05, DsRed - Confocal - n000629.tif, 1.407509e+03, 8.711228e+02, 391, 2.308454e+01, 2.166883e+01, 3.448093e-01, 400, 391, 1, 2.231225e+01, 9.775000e-01, 7.111270e+01, 1.605173e+00, 0, 0, 1, 0, 0, 0, 0, 0, 0
Well C05, DsRed - Confocal - n000629.tif, 1.420128e+03, 5.562835e+02, 508, 2.679643e+01, 2.461962e+01, 3.948048e-01, 521, 508, 1, 2.543237e+01, 9.750480e-01, 8.359798e+01, 1.389044e+00, 0, 0, 1, 0, 0, 0, 0, 0, 0
Well C05, DsRed - Confocal - n000629.tif, 1.428315e+03, 6.014051e+02, 511, 2.817245e+01, 2.347782e+01, 5.527290e-01, 529, 511, 1, 2.550736e+01, 9.659735e-01, 8.487006e+01, 1.501183e+00, 0, 0, 1, 0, 0, 1, 0, 0, 0
Well C05, DsRed - Confocal - n000629.tif, 1.430269e+03, 8.422580e+02, 566, 2.820325e+01, 2.565868e+01, 4.150961e-01, 576, 566, 1, 2.684499e+01, 9.826389e-01, 8.618377e+01, 2.326833e+00, 0, 0, 1, 0, 0, 0, 0, 0, 0
Well C05, DsRed - Confocal - n000629.tif, 1.424526e+03, 7.535166e+02, 211, 1.938936e+01, 1.398892e+01, 6.924418e-01, 217, 211, 1, 1.639065e+01, 9.723502e-01, 5.297056e+01, 8.201114e-01, 0, 0, 1, 0, 0, 0, 0, 0, 1
Well C05, DsRed - Confocal - n000629.tif, 1.429283e+03, 7.828354e+02, 237, 1.996940e+01, 1.523765e+01, 6.463396e-01, 240, 237, 1, 1.737118e+01, 9.875000e-01, 5.579899e+01, 6.884718e-01, 0, 0, 1, 0, 0, 0, 0, 0, 1
Well C05, DsRed - Confocal - n000629.tif, 1.433631e+03, 6.308892e+02, 406, 2.469160e+01, 2.099941e+01, 5.260272e-01, 414, 406, 1, 2.273621e+01, 9.806763e-01, 7.252691e+01, 1.805356e+00, 0, 0, 1, 0, 0, 0, 0, 0, 0
Well C05, DsRed - Confocal - n000629.tif, 1.436367e+03, 8.076777e+02, 512, 2.951282e+01, 2.219088e+01, 6.592699e-01, 523, 512, 1, 2.553231e+01, 9.789675e-01, 8.276955e+01, 2.303670e+00, 0, 0, 1, 0, 0, 0, 0, 0, 0
Well C05, DsRed - Confocal - n000629.tif, 1.435742e+03, 6.924914e+02, 466, 2.748149e+01, 2.202074e+01, 5.982714e-01, 481, 466, 1, 2.435836e+01, 9.688150e-01, 8.111270e+01, 1.800381e+00, 0, 0, 1, 0, 0, 0, 0, 0, 0
Well C05, DsRed - Confocal - n000629.tif, 1.441567e+03, 5.172779e+02, 439, 2.714726e+01, 2.107483e+01, 6.303450e-01, 458, 439, 1, 2.364217e+01, 9.585153e-01, 7.911270e+01, 1.312062e+00, 0, 0, 1, 0, 0, 0, 0, 0, 0
Well C05, DsRed - Confocal - n000629.tif, 1.444615e+03, 6.531607e+02, 392, 2.631609e+01, 1.923209e+01, 6.825798e-01, 408, 392, 1, 2.234077e+01, 9.607843e-01, 7.345584e+01, 1.866041e+00, 0, 0, 1, 0, 0, 0, 0, 0, 0
Well C05, DsRed - Confocal - n000629.tif, 1.458499e+03, 1.307981e+03, 365, 2.347131e+01, 1.987301e+01, 5.320807e-01, 374, 365, 1, 2.155765e+01, 9.759358e-01, 6.969848e+01, 1.085313e+00, 0, 0, 1, 0, 0, 0, 0, 0, 0
Well C05, DsRed - Confocal - n000629.tif, 1.459712e+03, 5.655131e+02, 267, 2.050188e+01, 1.672835e+01, 5.781331e-01, 276, 267, 1, 1.843787e+01, 9.673913e-01, 6.097056e+01, 5.660334e-01, 0, 0, 1, 0, 0, 1, 0, 0, 1
Well C05, DsRed - Confocal - n000629.tif, 1.463704e+03, 1.358212e+03, 345, 2.517575e+01, 1.757230e+01, 7.161122e-01, 351, 345, 1, 2.095871e+01, 9.829060e-01, 6.745584e+01, 1.894011e+00, 0, 0, 1, 0, 0, 0, 0, 0, 0
Well C05, DsRed - Confocal - n000629.tif, 1.467440e+03, 5.055200e+02, 175, 1.936122e+01, 1.162449e+01, 7.996993e-01, 181, 175, 1, 1.492705e+01, 9.668508e-01, 4.955635e+01, 3.338521e-01, 0, 0, 1, 0, 0, 1, 0, 0, 1
Well C05, DsRed - Confocal - n000629.tif, 1.471654e+03, 6.123077e+02, 364, 2.545784e+01, 1.829223e+01, 6.954956e-01, 372, 364, 1, 2.152810e+01, 9.784946e-01, 6.969848e+01, 1.837095e+00, 0, 0, 1, 0, 0, 0, 0, 0, 0
Well C05, DsRed - Confocal - n000629.tif, 1.474129e+03, 1.165641e+03, 396, 2.432225e+01, 2.082161e+01, 5.168556e-01, 403, 396, 1, 2.245446e+01, 9.826303e-01, 7.169848e+01, 2.027787e+00, 0, 0, 1, 0, 0, 0, 0, 0, 0
Well C05, DsRed - Confocal - n000629.tif, 1.481259e+03, 6.505963e+02, 379, 2.267955e+01, 2.148190e+01, 3.206657e-01, 391, 379, 1, 2.196720e+01, 9.693095e-01, 7.169848e+01, 2.123888e+00, 0, 0, 1, 0, 0, 0, 0, 0, 0
Well C05, DsRed - Confocal - n000629.tif, 1.486512e+03, 8.547251e+02, 291, 2.158286e+01, 1.740421e+01, 5.913837e-01, 298, 291, 1, 1.924871e+01, 9.765101e-01, 6.145584e+01, 1.149218e+00, 0, 0, 1, 0, 0, 0, 0, 0, 1
Well C05, DsRed - Confocal - n000629.tif, 1.489330e+03, 8.175285e+02, 403, 2.763529e+01, 1.893100e+01, 7.285152e-01, 413, 403, 1, 2.265205e+01, 9.757869e-01, 7.428427e+01, 2.116045e+00, 0, 0, 1, 0, 0, 0, 0, 0, 0
Well C05, DsRed - Confocal - n000629.tif, 1.496192e+03, 1.368135e+03, 650, 3.062134e+01, 2.728524e+01, 4.538991e-01, 673, 650, 1, 2.876814e+01, 9.658247e-01, 9.491169e+01, 3.977173e+00, 0, 0, 1, 0, 0, 0, 0, 0, 0
Well C05, DsRed - Confocal - n000629.tif, 1.495715e+03, 5.574021e+02, 480, 2.782665e+01, 2.205721e+01, 6.096576e-01, 486, 480, 1, 2.472155e+01, 9.876543e-01, 7.935534e+01, 1.519509e+00, 0, 0, 1, 0, 0, 0, 0, 0, 0
Well C05, DsRed - Confocal - n000629.tif, 1.496325e+03, 1.208095e+03, 348, 2.159942e+01, 2.057902e+01, 3.037298e-01, 357, 348, 1, 2.104964e+01, 9.747899e-01, 6.687006e+01, 1.421256e+00, 0, 0, 1, 0, 0, 0, 0, 0, 0
Well C05, DsRed - Confocal - n000629.tif, 1.498168e+03, 1.174127e+03, 363, 2.248509e+01, 2.061863e+01, 3.989074e-01, 368, 363, 1, 2.149851e+01, 9.864130e-01, 6.769848e+01, 1.710933e+00, 0, 0, 1, 0, 0, 0, 0, 0, 0
Well C05, DsRed - Confocal - n000629.tif, 1.502566e+03, 1.065933e+03, 389, 2.445228e+01, 2.039798e+01, 5.514686e-01, 394, 389, 1, 2.225512e+01, 9.873096e-01, 7.052691e+01, 1.153460e+00, 0, 0, 1, 0, 0, 0, 0, 0, 0
Well C05, DsRed - Confocal - n000629.tif, 1.506604e+03, 5.323881e+02, 402, 2.327095e+01, 2.206319e+01, 3.179710e-01, 410, 402, 1, 2.262393e+01, 9.804878e-01, 7.169848e+01, 1.886213e+00, 0, 0, 1, 0, 0, 0, 0, 0, 0
Well C05, DsRed - Confocal - n000629.tif, 1.509029e+03, 6.271647e+02, 419, 2.536337e+01, 2.118106e+01, 5.500917e-01, 426, 419, 1, 2.309735e+01, 9.835681e-01, 7.428427e+01, 1.707332e+00, 0, 0, 1, 0, 0, 0, 0, 0, 0
Well C05, DsRed - Confocal - n000629.tif, 1.507157e+03, 5.030787e+02, 394, 2.765022e+01, 1.833894e+01, 7.484002e-01, 400, 394, 1, 2.239769e+01, 9.850000e-01, 7.321320e+01, 2.400061e+00, 0, 0, 1, 0, 0, 0, 0, 0, 0
Well C05, DsRed - Confocal - n000629.tif, 1.513086e+03, 5.773885e+02, 453, 2.952946e+01, 1.962525e+01, 7.472004e-01, 462, 453, 1, 2.401619e+01, 9.805195e-01, 7.876955e+01, 1.809293e+00, 0, 0, 1, 0, 0, 0, 0, 0, 0
Well C05, DsRed - Confocal - n000629.tif, 1.511264e+03, 7.005736e+02, 523, 2.996769e+01, 2.229732e+01, 6.681293e-01, 532, 523, 1, 2.580512e+01, 9.830827e-01, 8.418377e+01, 2.136248e+00, 0, 0, 1, 0, 0, 0, 0, 0, 0
Well C05, DsRed - Confocal - n000629.tif, 1.509272e+03, 8.451720e+02, 250, 1.850782e+01, 1.748800e+01, 3.273643e-01, 257, 250, 1, 1.784124e+01, 9.727626e-01, 5.721320e+01, 1.122072e+00, 0, 0, 1, 0, 0, 0, 0, 0, 1
Well C05, DsRed - Confocal - n000629.tif, 1.513218e+03, 8.765657e+02, 426, 2.487710e+01, 2.200550e+01, 4.664103e-01, 439, 426, 1, 2.328948e+01, 9.703872e-01, 7.535534e+01, 2.327276e+00, 0, 0, 1, 0, 0, 0, 0, 0, 0
Well C05, DsRed - Confocal - n000629.tif, 1.515163e+03, 1.035697e+03, 300, 2.173340e+01, 1.772683e+01, 5.785466e-01, 314, 300, 1, 1.954410e+01, 9.554140e-01, 6.345584e+01, 1.123751e+00, 0, 0, 1, 0, 0, 0, 0, 0, 0
Well C05, DsRed - Confocal - n000629.tif, 1.518399e+03, 5.992141e+02, 383, 2.526405e+01, 1.946277e+01, 6.375924e-01, 393, 383, 1, 2.208282e+01, 9.745547e-01, 7.169848e+01, 1.675685e+00, 0, 0, 1, 0, 0, 0, 0, 0, 0
Well C05, DsRed - Confocal - n000629.tif, 1.519239e+03, 1.099828e+03, 314, 2.376581e+01, 1.698207e+01, 6.995754e-01, 321, 314, 1, 1.999493e+01, 9.781931e-01, 6.569848e+01, 1.183093e+00, 0, 0, 1, 0, 0, 0, 0, 0, 0
Well C05, DsRed - Confocal - n000629.tif, 1.527511e+03, 8.289530e+02, 362, 2.334448e+01, 1.984822e+01, 5.264081e-01, 365, 362, 1, 2.146888e+01, 9.917808e-01, 6.804163e+01, 1.577005e+00, 0, 0, 1, 0, 0, 0, 0, 0, 0
Well C05, DsRed - Confocal - n000629.tif, 1.536197e+03, 1.132193e+03, 766, 4.330342e+01, 2.627104e+01, 7.949510e-01, 892, 766, 1, 3.122982e+01, 8.587444e-01, 1.322254e+02, 3.412680e+00, 0, 0, 0, 0, 1, 0, 0, 0, 0
Well C05, DsRed - Confocal - n000629.tif, 1.529098e+03, 1.247966e+03, 326, 2.399365e+01, 1.777298e+01, 6.717952e-01, 341, 326, 1, 2.037342e+01, 9.560117e-01, 6.804163e+01, 9.428855e-01, 0, 0, 1, 0, 0, 0, 0, 0, 0
Well C05, DsRed - Confocal - n000629.tif, 1.530670e+03, 1.381994e+03, 470, 2.701044e+01, 2.231554e+01, 5.634031e-01, 480, 470, 1, 2.446268e+01, 9.791667e-01, 7.935534e+01, 2.120226e+00, 0, 0, 1, 0, 0, 0, 0, 0, 0
Well C05, DsRed - Confocal - n000629.tif, 1.529746e+03, 1.334840e+03, 405, 2.734411e+01, 1.899885e+01, 7.191975e-01, 410, 405, 1, 2.270819e+01, 9.878049e-01, 7.345584e+01, 2.793194e+00, 0, 0, 1, 0, 0, 0, 0, 0, 0
Well C05, DsRed - Confocal - n000629.tif, 1.533288e+03, 1.175004e+03, 448, 2.539794e+01, 2.252852e+01, 4.617276e-01, 456, 448, 1, 2.388329e+01, 9.824561e-01, 7.594113e+01, 1.919768e+00, 0, 0, 1, 0, 0, 0, 0, 0, 0
Well C05, DsRed - Confocal - n000629.tif, 1.538102e+03, 1.280423e+03, 480, 2.785281e+01, 2.207244e+01, 6.099141e-01, 493, 480, 1, 2.472155e+01, 9.736308e-01, 8.076955e+01, 3.999344e+00, 0, 0, 1, 0, 0, 0, 0, 0, 0
Well C05, DsRed - Confocal - n000629.tif, 1.538726e+03, 8.647441e+02, 383, 2.553399e+01, 1.916054e+01, 6.609917e-01, 392, 383, 1, 2.208282e+01, 9.770408e-01, 7.111270e+01, 1.864607e+00, 0, 0, 1, 0, 0, 0, 0, 0, 0
Well C05, DsRed - Confocal - n000629.tif, 1.547427e+03, 1.054668e+03, 750, 4.554132e+01, 2.516610e+01, 8.334471e-01, 921, 750, 1, 3.090194e+01, 8.143322e-01, 1.385685e+02, 2.901701e+00, 0, 0, 0, 0, 1, 0, 0, 0, 0
Well C05, DsRed - Confocal - n000629.tif, 1.542604e+03, 1.227802e+03, 465, 2.656629e+01, 2.236058e+01, 5.399613e-01, 475, 465, 1, 2.433221e+01, 9.789474e-01, 7.818377e+01, 2.644419e+00, 0, 0, 1, 0, 0, 0, 0, 0, 0
Well C05, DsRed - Confocal - n000629.tif, 1.548059e+03, 1.425919e+03, 405, 2.759902e+01, 1.897492e+01, 7.261638e-01, 416, 405, 1, 2.270819e+01, 9.735577e-01, 7.535534e+01, 2.815595e+00, 0, 0, 1, 0, 0, 0, 0, 0, 0
Well C05, DsRed - Confocal - n000629.tif, 1.547499e+03, 1.007504e+03, 381, 2.520479e+01, 1.932222e+01, 6.421144e-01, 387, 381, 1, 2.202508e+01, 9.844961e-01, 7.052691e+01, 1.922683e+00, 0, 0, 1, 0, 0, 0, 0, 0, 0
Well C05, DsRed - Confocal - n000629.tif, 1.549030e+03, 1.399820e+03, 427, 2.352300e+01, 2.324806e+01, 1.524472e-01, 438, 427, 1, 2.331680e+01, 9.748858e-01, 7.511270e+01, 1.943725e+00, 0, 0, 1, 0, 0, 0, 0, 0, 0
Well C05, DsRed - Confocal - n000629.tif, 1.551945e+03, 1.083258e+03, 345, 2.172067e+01, 2.031928e+01, 3.533752e-01, 353, 345, 1, 2.095871e+01, 9.773371e-01, 6.687006e+01, 1.429389e+00, 0, 0, 1, 0, 0, 0, 0, 0, 0
Well C05, DsRed - Confocal - n000629.tif, 1.556147e+03, 7.949097e+02, 299, 2.062613e+01, 1.855166e+01, 4.370745e-01, 305, 299, 1, 1.951150e+01, 9.803279e-01, 6.204163e+01, 1.596445e+00, 0, 0, 1, 0, 0, 0, 0, 0, 1
Well C05, DsRed - Confocal - n000629.tif, 1.557294e+03, 1.106342e+03, 398, 2.326043e+01, 2.191983e+01, 3.345844e-01, 402, 398, 1, 2.251109e+01, 9.900498e-01, 7.087006e+01, 1.739605e+00, 0, 0, 1, 0, 0, 0, 0, 0, 0
Well C05, DsRed - Confocal - n000629.tif, 1.556096e+03, 8.486849e+02, 146, 1.394025e+01, 1.354943e+01, 2.351257e-01, 149, 146, 1, 1.363426e+01, 9.798658e-01, 4.272792e+01, 2.163729e-01, 0, 0, 1, 0, 0, 0, 0, 0, 1
Well C05, DsRed - Confocal - n000629.tif, 1.561121e+03, 8.789894e+02, 379, 2.587843e+01, 1.880681e+01, 6.869159e-01, 390, 379, 1, 2.196720e+01, 9.717949e-01, 7.135534e+01, 2.286397e+00, 0, 0, 1, 0, 0, 0, 0, 0, 0
Well C05, DsRed - Confocal - n000629.tif, 1.560729e+03, 5.548906e+02, 329, 2.197398e+01, 1.913776e+01, 4.914109e-01, 336, 329, 1, 2.046694e+01, 9.791667e-01, 6.487006e+01, 1.433158e+00, 0, 0, 1, 0, 0, 0, 0, 0, 0
Well C05, DsRed - Confocal - n000629.tif, 1.564044e+03, 9.094543e+02, 427, 2.583150e+01, 2.134715e+01, 5.630836e-01, 441, 427, 1, 2.331680e+01, 9.682540e-01, 7.676955e+01, 2.305150e+00, 0, 0, 1, 0, 0, 0, 0, 0, 0
Well C05, DsRed - Confocal - n000629.tif, 1.563805e+03, 1.026850e+03, 440, 2.761158e+01, 2.041270e+01, 6.733978e-01, 447, 440, 1, 2.366908e+01, 9.843400e-01, 7.628427e+01, 1.748714e+00, 0, 0, 1, 0, 0, 0, 0, 0, 0
Well C05, DsRed - Confocal - n000629.tif, 1.566335e+03, 1.149674e+03, 469, 2.605364e+01, 2.305503e+01, 4.657694e-01, 478, 469, 1, 2.443664e+01, 9.811715e-01, 7.876955e+01, 1.777844e+00, 0, 0, 1, 0, 0, 0, 0, 0, 0
Well C05, DsRed - Confocal - n000629.tif, 1.565081e+03, 1.215521e+03, 432, 2.625107e+01, 2.116406e+01, 5.916201e-01, 443, 432, 1, 2.345292e+01, 9.751693e-01, 7.594113e+01, 2.192096e+00, 0, 0, 1, 0, 0, 0, 0, 0, 0
Well C05, DsRed - Confocal - n000629.tif, 1.568978e+03, 1.354120e+03, 407, 2.502866e+01, 2.090326e+01, 5.499876e-01, 417, 407, 1, 2.276419e+01, 9.760192e-01, 7.394113e+01, 1.949432e+00, 0, 0, 1, 0, 0, 0, 0, 0, 0
Well C05, DsRed - Confocal - n000629.tif, 1.568667e+03, 6.278897e+02, 408, 2.430044e+01, 2.144456e+01, 4.703573e-01, 419, 408, 1, 2.279214e+01, 9.737470e-01, 7.311270e+01, 1.328832e+00, 0, 0, 1, 0, 0, 0, 0, 0, 0
Well C05, DsRed - Confocal - n000629.tif, 1.577303e+03, 1.188283e+03, 876, 4.899008e+01, 2.534693e+01, 8.557503e-01, 1009, 876, 1, 3.339697e+01, 8.681863e-01, 1.380833e+02, 4.554528e+00, 0, 0, 0, 0, 1, 0, 0, 0, 0
Well C05, DsRed - Confocal - n000629.tif, 1.572522e+03, 5.773045e+02, 358, 2.260054e+01, 2.023990e+01, 4.449615e-01, 364, 358, 1, 2.134994e+01, 9.835165e-01, 6.769848e+01, 1.548043e+00, 0, 0, 1, 0, 0, 0, 0, 0, 0
Well C05, DsRed - Confocal - n000629.tif, 1.570760e+03, 1.283089e+03, 425, 2.908616e+01, 1.876463e+01, 7.640647e-01, 438, 425, 1, 2.326213e+01, 9.703196e-01, 7.804163e+01, 2.029450e+00, 0, 0, 1, 0, 0, 0, 0, 0, 0
Well C05, DsRed - Confocal - n000629.tif, 1.576716e+03, 9.817052e+02, 363, 2.405812e+01, 1.929714e+01, 5.971827e-01, 371, 363, 1, 2.149851e+01, 9.784367e-01, 6.911270e+01, 1.663401e+00, 0, 0, 1, 0, 0, 0, 0, 0, 0
Well C05, DsRed - Confocal - n000629.tif, 1.580143e+03, 8.369232e+02, 547, 2.974182e+01, 2.357663e+01, 6.095992e-01, 560, 547, 1, 2.639057e+01, 9.767857e-01, 8.584062e+01, 2.993652e+00, 0, 0, 1, 0, 0, 0, 0, 0, 0
Well C05, DsRed - Confocal - n000629.tif, 1.579336e+03, 1.435789e+03, 384, 2.398062e+01, 2.076444e+01, 5.002444e-01, 404, 384, 1, 2.211163e+01, 9.504950e-01, 7.428427e+01, 9.193256e-01, 0, 0, 1, 0, 0, 0, 0, 0, 0
Well C05, DsRed - Confocal - n000629.tif, 1.580710e+03, 1.311111e+03, 386, 2.502456e+01, 1.975841e+01, 6.136723e-01, 394, 386, 1, 2.216913e+01, 9.796954e-01, 7.111270e+01, 2.206683e+00, 0, 0, 1, 0, 0, 0, 0, 0, 0
Well C05, DsRed - Confocal - n000629.tif, 1.584535e+03, 1.046225e+03, 387, 2.391604e+01, 2.072737e+01, 4.988784e-01, 396, 387, 1, 2.219783e+01, 9.772727e-01, 7.111270e+01, 1.764508e+00, 0, 0, 1, 0, 0, 0, 0, 0, 0
Well C05, DsRed - Confocal - n000629.tif, 1.581208e+03, 1.254396e+03, 154, 1.664619e+01, 1.198618e+01, 6.939168e-01, 163, 154, 1, 1.400282e+01, 9.447853e-01, 4.789949e+01, 2.319219e-01, 0, 0, 1, 0, 0, 0, 0, 0, 1
Well C05, DsRed - Confocal - n000629.tif, 1.590137e+03, 8.856466e+02, 365, 2.446706e+01, 1.961714e+01, 5.976229e-01, 387, 365, 1, 2.155765e+01, 9.431525e-01, 7.287006e+01, 1.553246e+00, 0, 0, 1, 0, 0, 0, 0, 0, 0
Well C05, DsRed - Confocal - n000629.tif, 1.589693e+03, 1.017066e+03, 407, 2.502158e+01, 2.090038e+01, 5.498032e-01, 417, 407, 1, 2.276419e+01, 9.760192e-01, 7.369848e+01, 2.049897e+00, 0, 0, 1, 0, 0, 0, 0, 0, 0
Well C05, DsRed - Confocal - n000629.tif, 1.591874e+03, 1.385073e+03, 532, 2.654053e+01, 2.569578e+01, 2.502880e-01, 541, 532, 1, 2.602621e+01, 9.833641e-01, 8.311270e+01, 3.046845e+00, 0, 0, 1, 0, 0, 0, 0, 0, 0
Well C05, DsRed - Confocal - n000629.tif, 1.593013e+03, 1.070839e+03, 373, 2.663032e+01, 1.808983e+01, 7.338656e-01, 388, 373, 1, 2.179262e+01, 9.613402e-01, 7.262742e+01, 1.562097e+00, 0, 0, 1, 0, 0, 0, 0, 0, 0
Well C05, DsRed - Confocal - n000629.tif, 1.595778e+03, 1.094289e+03, 571, 3.124474e+01, 2.392978e+01, 6.429812e-01, 595, 571, 1, 2.696330e+01, 9.596639e-01, 8.984062e+01, 2.298283e+00, 0, 0, 1, 0, 0, 0, 0, 0, 0
Well C05, DsRed - Confocal - n000629.tif, 1.594750e+03, 8.125424e+02, 448, 2.468392e+01, 2.331736e+01, 3.281160e-01, 457, 448, 1, 2.388329e+01, 9.803063e-01, 7.711270e+01, 1.743160e+00, 0, 0, 1, 0, 0, 0, 0, 0, 0
Well C05, DsRed - Confocal - n000629.tif, 1.595290e+03, 7.783024e+02, 334, 2.378623e+01, 1.797963e+01, 6.547054e-01, 344, 334, 1, 2.062188e+01, 9.709302e-01, 6.769848e+01, 1.748287e+00, 0, 0, 1, 0, 0, 0, 0, 0, 0
Well C05, DsRed - Confocal - n000629.tif, 1.601486e+03, 5.415856e+02, 403, 2.574548e+01, 2.014205e+01, 6.228355e-01, 415, 403, 1, 2.265205e+01, 9.710843e-01, 7.394113e+01, 1.619730e+00, 0, 0, 1, 0, 0, 0, 0, 0, 0
Well C05, DsRed - Confocal - n000629.tif, 1.605302e+03, 1.131285e+03, 460, 2.539015e+01, 2.312867e+01, 4.125599e-01, 467, 460, 1, 2.420104e+01, 9.850107e-01, 7.676955e+01, 1.646479e+00, 0, 0, 1, 0, 0, 0, 0, 0, 0
Well C05, DsRed - Confocal - n000629.tif, 1.604797e+03, 1.328129e+03, 404, 2.926020e+01, 1.793053e+01, 7.902412e-01, 417, 404, 1, 2.268014e+01, 9.688249e-01, 7.618377e+01, 2.946136e+00, 0, 0, 1, 0, 0, 0, 0, 0, 0
Well C05, DsRed - Confocal - n000629.tif, 1.610551e+03, 1.429256e+03, 441, 2.844990e+01, 1.990786e+01, 7.143863e-01, 455, 441, 1, 2.369596e+01, 9.692308e-01, 7.852691e+01, 2.952789e+00, 0, 0, 1, 0, 0, 0, 0, 0, 0
Well C05, DsRed - Confocal - n000629.tif, 1.610770e+03, 1.156689e+03, 408, 2.976946e+01, 1.763817e+01, 8.055764e-01, 416, 408, 1, 2.279214e+01, 9.807692e-01, 7.618377e+01, 1.843992e+00, 0, 0, 1, 0, 0, 0, 0, 0, 0
Well C05, DsRed - Confocal - n000629.tif, 1.616648e+03, 1.052994e+03, 520, 2.781506e+01, 2.393435e+01, 5.094812e-01, 526, 520, 1, 2.573100e+01, 9.885932e-01, 8.194113e+01, 2.033600e+00, 0, 0, 1, 0, 0, 0, 0, 0, 0
Well C05, DsRed - Confocal - n000629.tif, 1.619637e+03, 1.364613e+03, 457, 2.875666e+01, 2.044639e+01, 7.031777e-01, 471, 457, 1, 2.412199e+01, 9.702760e-01, 7.935534e+01, 2.794354e+00, 0, 0, 1, 0, 0, 0, 0, 0, 0
Well C05, DsRed - Confocal - n000629.tif, 1.619168e+03, 1.401990e+03, 399, 2.546838e+01, 2.008981e+01, 6.146322e-01, 408, 399, 1, 2.253936e+01, 9.779412e-01, 7.252691e+01, 2.327657e+00, 0, 0, 1, 0, 0, 0, 0, 0, 0
Well C05, DsRed - Confocal - n000629.tif, 1.620675e+03, 5.312864e+01, 412, 2.517111e+01, 2.104499e+01, 5.486118e-01, 421, 412, 1, 2.290360e+01, 9.786223e-01, 7.452691e+01, 2.382055e+00, 0, 0, 1, 0, 0, 0, 0, 0, 0
Well C05, DsRed - Confocal - n000629.tif, 1.619898e+03, 5.693288e+02, 295, 2.007662e+01, 1.884474e+01, 3.448957e-01, 298, 295, 1, 1.938055e+01, 9.899329e-01, 6.121320e+01, 1.085939e+00, 0, 0, 1, 0, 0, 0, 0, 0, 1
Well C05, DsRed - Confocal - n000629.tif, 1.617840e+03, 7.891939e+02, 263, 2.547277e+01, 1.336147e+01, 8.513862e-01, 275, 263, 1, 1.829923e+01, 9.563636e-01, 6.321320e+01, 9.096666e-01, 0, 0, 1, 0, 0, 0, 0, 0, 1
Well C05, DsRed - Confocal - n000629.tif, 1.625353e+03, 1.456061e+03, 377, 2.669053e+01, 1.814174e+01, 7.334837e-01, 387, 377, 1, 2.190916e+01, 9.741602e-01, 7.228427e+01, 2.047578e+00, 0, 0, 1, 0, 0, 0, 0, 0, 0
Well C05, DsRed - Confocal - n000629.tif, 1.636654e+03, 5.236871e+02, 457, 2.950050e+01, 1.982544e+01, 7.405173e-01, 473, 457, 1, 2.412199e+01, 9.661734e-01, 8.135534e+01, 1.937133e+00, 0, 0, 1, 0, 0, 0, 0, 0, 0
Well C05, DsRed - Confocal - n000629.tif, 1.636762e+03, 1.154623e+03, 462, 2.722275e+01, 2.174918e+01, 6.014189e-01, 476, 462, 1, 2.425359e+01, 9.705882e-01, 7.935534e+01, 2.074342e+00, 0, 0, 1, 0, 0, 0, 0, 0, 0
Well C05, DsRed - Confocal - n000629.tif, 1.637176e+03, 5.935013e+02, 381, 2.313180e+01, 2.115050e+01, 4.049300e-01, 390, 381, 1, 2.202508e+01, 9.769231e-01, 7.052691e+01, 1.812024e+00, 0, 0, 1, 0, 0, 0, 0, 0, 0
Well C05, DsRed - Confocal - n000629.tif, 1.635399e+03, 1.109245e+03, 278, 2.019414e+01, 1.796046e+01, 4.571502e-01, 286, 278, 1, 1.881384e+01, 9.720280e-01, 6.062742e+01, 1.012238e+00, 0, 0, 1, 0, 0, 0, 0, 0, 1
Well C05, DsRed - Confocal - n000629.tif, 1.644491e+03, 1.357237e+03, 375, 2.458686e+01, 1.965440e+01, 6.008175e-01, 384, 375, 1, 2.185097e+01, 9.765625e-01, 7.111270e+01, 2.402640e+00, 0, 0, 1, 0, 0, 0, 0, 0, 0
Well C05, DsRed - Confocal - n000629.tif, 1.656982e+03, 1.437613e+03, 489, 2.877053e+01, 2.176535e+01, 6.539758e-01, 500, 489, 1, 2.495224e+01, 9.780000e-01, 8.135534e+01, 3.054704e+00, 0, 0, 1, 0, 0, 0, 0, 0, 0
Well C05, DsRed - Confocal - n000629.tif, 1.657442e+03, 1.385909e+03, 396, 2.576218e+01, 1.974184e+01, 6.424697e-01, 405, 396, 1, 2.245446e+01, 9.777778e-01, 7.311270e+01, 2.288518e+00, 0, 0, 1, 0, 0, 0, 0, 0, 0
Well C05, DsRed - Confocal - n000629.tif, 1.664521e+03, 5.077063e+02, 303, 2.291589e+01, 1.693033e+01, 6.739212e-01, 308, 303, 1, 1.964158e+01, 9.837662e-01, 6.311270e+01, 1.220020e+00, 0, 0, 1, 0, 0, 0, 0, 0, 0
Well C05, DsRed - Confocal - n000629.tif, 1.663269e+03, 1.152646e+03, 271, 2.319109e+01, 1.500810e+01, 7.623633e-01, 280, 271, 1, 1.857547e+01, 9.678571e-01, 6.062742e+01, 9.998932e-01, 0, 0, 1, 0, 0, 0, 0, 0, 1
Well C05, DsRed - Confocal - n000629.tif, 1.684435e+03, 5.935577e+02, 407, 2.570960e+01, 2.031543e+01, 6.128641e-01, 419, 407, 1, 2.276419e+01, 9.713604e-01, 7.369848e+01, 2.098009e+00, 0, 0, 1, 0, 0, 0, 0, 0, 0
Well C05, DsRed - Confocal - n000629.tif, 1.685115e+03, 2.364848e+01, 495, 2.638778e+01, 2.408706e+01, 4.083821e-01, 506, 495, 1, 2.510485e+01, 9.782609e-01, 8.076955e+01, 2.163073e+00, 0, 0, 1, 0, 0, 0, 0, 0, 0
Well C05, DsRed - Confocal - n000629.tif, 1.689172e+03, 6.236318e+02, 478, 2.866754e+01, 2.152876e+01, 6.603248e-01, 490, 478, 1, 2.466999e+01, 9.755102e-01, 8.135534e+01, 2.154086e+00, 0, 0, 1, 0, 0, 0, 0, 0, 0
Well C05, DsRed - Confocal - n000629.tif, 1.704931e+03, 4.531412e+01, 347, 2.358489e+01, 1.885399e+01, 6.007862e-01, 356, 347, 1, 2.101937e+01, 9.747191e-01, 6.769848e+01, 2.633707e+00, 0, 0, 1, 0, 0, 0, 0, 0, 0
Well C05, DsRed - Confocal - n000629.tif, 1.708902e+03, 6.688957e+02, 633, 3.098756e+01, 2.622710e+01, 5.325872e-01, 654, 633, 1, 2.838945e+01, 9.678899e-01, 9.359798e+01, 3.304112e+00, 0, 0, 1, 0, 0, 0, 0, 0, 0
Well C05, DsRed - Confocal - n000629.tif, 1.718784e+03, 2.008403e+02, 407, 2.614307e+01, 2.013997e+01, 6.375909e-01, 416, 407, 1, 2.276419e+01, 9.783654e-01, 7.394113e+01, 1.982712e+00, 0, 0, 1, 0, 0, 0, 0, 0, 0
Well C05, DsRed - Confocal - n000629.tif, 1.718342e+03, 2.470077e+02, 392, 2.386074e+01, 2.101098e+01, 4.739211e-01, 398, 392, 1, 2.234077e+01, 9.849246e-01, 7.087006e+01, 1.984649e+00, 0, 0, 1, 0, 0, 0, 0, 0, 0
Well C05, DsRed - Confocal - n000629.tif, 1.723739e+03, 4.484271e+02, 398, 2.802181e+01, 1.819399e+01, 7.605497e-01, 407, 398, 1, 2.251109e+01, 9.778870e-01, 7.418377e+01, 2.139544e+00, 0, 0, 1, 0, 0, 0, 0, 0, 0
Well C05, DsRed - Confocal - n000629.tif, 1.728681e+03, 6.086997e+02, 383, 2.295643e+01, 2.134529e+01, 3.680213e-01, 392, 383, 1, 2.208282e+01, 9.770408e-01, 7.028427e+01, 2.027070e+00, 0, 0, 1, 0, 0, 0, 0, 0, 0
Well C05, DsRed - Confocal - n000629.tif, 1.729398e+03, 2.862679e+02, 392, 2.322393e+01, 2.158044e+01, 3.694939e-01, 406, 392, 1, 2.234077e+01, 9.655172e-01, 7.194113e+01, 1.852644e+00, 0, 0, 1, 0, 0, 0, 0, 0, 0
Well C05, DsRed - Confocal - n000629.tif, 1.731905e+03, 9.344173e+00, 369, 2.453343e+01, 1.933014e+01, 6.157899e-01, 373, 369, 1, 2.167546e+01, 9.892761e-01, 6.921320e+01, 1.680446e+00, 1, 0, 1, 0, 0, 0, 0, 0, 0
Well C05, DsRed - Confocal - n000629.tif, 1.735350e+03, 1.582168e+02, 309, 2.270985e+01, 1.740149e+01, 6.425392e-01, 314, 309, 1, 1.983510e+01, 9.840764e-01, 6.345584e+01, 1.036027e+00, 0, 0, 1, 0, 0, 0, 0, 0, 0
Well C05, DsRed - Confocal - n000629.tif, 1.742968e+03, 2.281380e+02, 500, 2.769171e+01, 2.307611e+01, 5.527881e-01, 511, 500, 1, 2.523133e+01, 9.784736e-01, 8.194113e+01, 2.211887e+00, 0, 0, 1, 0, 0, 0, 0, 0, 0
Well C05, DsRed - Confocal - n000629.tif, 1.743993e+03, 6.404816e+02, 407, 2.401084e+01, 2.179303e+01, 4.197648e-01, 416, 407, 1, 2.276419e+01, 9.783654e-01, 7.345584e+01, 2.412924e+00, 0, 0, 1, 0, 0, 0, 0, 0, 0
Well C05, DsRed - Confocal - n000629.tif, 1.745317e+03, 6.994553e+02, 369, 2.441971e+01, 1.936916e+01, 6.089907e-01, 376, 369, 1, 2.167546e+01, 9.813830e-01, 6.911270e+01, 1.901503e+00, 0, 0, 1, 0, 0, 0, 0, 0, 0
Well C05, DsRed - Confocal - n000629.tif, 1.739960e+03, 6.815051e+02, 99, 1.174425e+01, 1.102181e+01, 3.453192e-01, 103, 99, 1, 1.122723e+01, 9.611650e-01, 3.565685e+01, 1.442893e-01, 0, 1, 0, 0, 0, 0, 0, 0, 0
Well C05, DsRed - Confocal - n000629.tif, 1.747400e+03, 5.341463e+01, 492, 2.891959e+01, 2.180326e+01, 6.569581e-01, 500, 492, 1, 2.502866e+01, 9.840000e-01, 8.194113e+01, 2.644450e+00, 0, 0, 1, 0, 0, 0, 0, 0, 0
Well C05, DsRed - Confocal - n000629.tif, 1.748336e+03, 1.852917e+02, 336, 2.562430e+01, 1.682361e+01, 7.542833e-01, 341, 336, 1, 2.068353e+01, 9.853372e-01, 6.721320e+01, 1.721859e+00, 0, 0, 1, 0, 0, 0, 0, 0, 0
Well C05, DsRed - Confocal - n000629.tif, 1.752886e+03, 2.643619e+02, 420, 2.601205e+01, 2.062274e+01, 6.094626e-01, 427, 420, 1, 2.312489e+01, 9.836066e-01, 7.452691e+01, 2.088869e+00, 0, 0, 1, 0, 0, 0, 0, 0, 0
Well C05, DsRed - Confocal - n000629.tif, 1.753401e+03, 6.629279e+02, 319, 2.387965e+01, 1.736792e+01, 6.863085e-01, 330, 319, 1, 2.015350e+01, 9.666667e-01, 6.628427e+01, 1.763012e+00, 0, 0, 1, 0, 0, 0, 0, 0, 0
Well C05, DsRed - Confocal - n000629.tif, 1.759798e+03, 1.407960e+02, 451, 2.464821e+01, 2.343622e+01, 3.097178e-01, 459, 451, 1, 2.396312e+01, 9.825708e-01, 7.652691e+01, 2.043702e+00, 0, 0, 1, 0, 0, 0, 0, 0, 0
Well C05, DsRed - Confocal - n000629.tif, 1.760643e+03, 9.176829e+00, 328, 2.124464e+01, 2.044781e+01, 2.713071e-01, 337, 328, 1, 2.043582e+01, 9.732938e-01, 6.721320e+01, 1.016266e+00, 1, 0, 1, 0, 0, 0, 0, 0, 0
Well C05, DsRed - Confocal - n000629.tif, 1.772078e+03, 2.121642e+02, 536, 2.689354e+01, 2.546891e+01, 3.211538e-01, 545, 536, 1, 2.612387e+01, 9.834862e-01, 8.335534e+01, 1.789441e+00, 0, 0, 1, 0, 0, 0, 0, 0, 0
Well C05, DsRed - Confocal - n000629.tif, 1.772399e+03, 3.567196e+01, 378, 2.295088e+01, 2.103632e+01, 3.998514e-01, 387, 378, 1, 2.193820e+01, 9.767442e-01, 7.052691e+01, 1.951095e+00, 0, 0, 1, 0, 0, 0, 0, 0, 0
Well C05, DsRed - Confocal - n000629.tif, 1.771733e+03, 6.241922e+02, 739, 4.975718e+01, 2.062642e+01, 9.100304e-01, 827, 739, 1, 3.067448e+01, 8.935913e-01, 1.254975e+02, 3.142565e+00, 0, 0, 0, 0, 1, 0, 0, 0, 0
Well C05, DsRed - Confocal - n000629.tif, 1.767042e+03, 6.843958e+02, 96, 1.299260e+01, 9.625879e+00, 6.716443e-01, 99, 96, 1, 1.105581e+01, 9.696970e-01, 3.565685e+01, 1.531701e-01, 0, 1, 0, 0, 0, 0, 0, 0, 0
Well C05, DsRed - Confocal - n000629.tif, 1.774170e+03, 5.899296e+02, 270, 2.265223e+01, 1.537649e+01, 7.343168e-01, 276, 270, 1, 1.854116e+01, 9.782609e-01, 6.062742e+01, 9.671473e-01, 0, 0, 1, 0, 0, 0, 0, 0, 1
Well C05, DsRed - Confocal - n000629.tif, 1.772893e+03, 7.120820e+02, 366, 2.459392e+01, 1.911163e+01, 6.293927e-01, 379, 366, 1, 2.158716e+01, 9.656992e-01, 7.145584e+01, 1.269688e+00, 0, 0, 1, 0, 0, 0, 0, 0, 0
Well C05, DsRed - Confocal - n000629.tif, 1.782499e+03, 2.853481e+02, 405, 2.525691e+01, 2.073563e+01, 5.709450e-01, 410, 405, 1, 2.270819e+01, 9.878049e-01, 7.287006e+01, 2.314885e+00, 0, 0, 1, 0, 0, 0, 0, 0, 0
Well C05, DsRed - Confocal - n000629.tif, 1.785166e+03, 2.417052e+02, 441, 2.930759e+01, 1.930089e+01, 7.525256e-01, 448, 441, 1, 2.369596e+01, 9.843750e-01, 7.769848e+01, 2.404120e+00, 0, 0, 1, 0, 0, 0, 0, 0, 0
Well C05, DsRed - Confocal - n000629.tif, 1.782880e+03, 7.354536e+02, 366, 2.472567e+01, 1.907087e+01, 6.364739e-01, 379, 366, 1, 2.158716e+01, 9.656992e-01, 7.028427e+01, 2.365759e+00, 0, 0, 1, 0, 0, 0, 0, 0, 0
Well C05, DsRed - Confocal - n000629.tif, 1.786674e+03, 6.590144e+02, 417, 2.422485e+01, 2.225508e+01, 3.949841e-01, 427, 417, 1, 2.304215e+01, 9.765808e-01, 7.418377e+01, 1.885023e+00, 0, 0, 1, 0, 0, 0, 0, 0, 0
Well C05, DsRed - Confocal - n000629.tif, 1.788111e+03, 6.872769e+02, 307, 2.351982e+01, 1.684215e+01, 6.980147e-01, 315, 307, 1, 1.977080e+01, 9.746032e-01, 6.404163e+01, 1.541512e+00, 0, 0, 1, 0, 0, 0, 0, 0, 0
Well C05, DsRed - Confocal - n000629.tif, 1.796430e+03, 1.829014e+02, 507, 3.109661e+01, 2.112426e+01, 7.338506e-01, 524, 507, 1, 2.540733e+01, 9.675573e-01, 8.384062e+01, 1.935851e+00, 0, 0, 1, 0, 0, 0, 0, 0, 0
Well C05, DsRed - Confocal - n000629.tif, 1.793294e+03, 7.920588e+02, 408, 2.794448e+01, 1.885185e+01, 7.381670e-01, 415, 408, 1, 2.279214e+01, 9.831325e-01, 7.511270e+01, 2.892332e+00, 0, 0, 1, 0, 0, 0, 0, 0, 0
Well C05, DsRed - Confocal - n000629.tif, 1.798029e+03, 1.558996e+01, 478, 2.589841e+01, 2.364940e+01, 4.076008e-01, 488, 478, 1, 2.466999e+01, 9.795082e-01, 7.935534e+01, 2.162249e+00, 0, 0, 1, 0, 0, 0, 0, 0, 0
Well C05, DsRed - Confocal - n000629.tif, 1.798747e+03, 7.125955e+02, 403, 2.288103e+01, 2.250225e+01, 1.812028e-01, 411, 403, 1, 2.265205e+01, 9.805353e-01, 7.228427e+01, 1.144945e+00, 0, 0, 1, 0, 0, 0, 0, 0, 0
Well C05, DsRed - Confocal - n000629.tif, 1.808594e+03, 7.380563e+02, 426, 2.527455e+01, 2.192112e+01, 4.977511e-01, 443, 426, 1, 2.328948e+01, 9.616253e-01, 7.594113e+01, 2.415518e+00, 0, 0, 1, 0, 0, 0, 0, 0, 0
Well C05, DsRed - Confocal - n000629.tif, 1.807226e+03, 6.309731e+02, 372, 2.544608e+01, 1.885579e+01, 6.714945e-01, 380, 372, 1, 2.176339e+01, 9.789474e-01, 7.062742e+01, 1.579141e+00, 0, 0, 1, 0, 0, 0, 0, 0, 0
Well C05, DsRed - Confocal - n000629.tif, 1.810630e+03, 7.593825e+02, 332, 2.415721e+01, 1.769635e+01, 6.807137e-01, 346, 332, 1, 2.056005e+01, 9.595376e-01, 6.652691e+01, 2.076051e+00, 0, 0, 1, 0, 0, 0, 0, 0, 0
Well C05, DsRed - Confocal - n000629.tif, 1.810628e+03, 2.225152e+02, 363, 2.233987e+01, 2.077010e+01, 3.682359e-01, 371, 363, 1, 2.149851e+01, 9.784367e-01, 6.852691e+01, 2.081346e+00, 0, 0, 1, 0, 0, 0, 0, 0, 0
Well C05, DsRed - Confocal - n000629.tif, 1.815355e+03, 1.704909e+02, 383, 2.334235e+01, 2.104184e+01, 4.328944e-01, 390, 383, 1, 2.208282e+01, 9.820513e-01, 7.052691e+01, 1.775296e+00, 0, 0, 1, 0, 0, 0, 0, 0, 0
Well C05, DsRed - Confocal - n000629.tif, 1.819160e+03, 8.172022e+02, 549, 3.764445e+01, 2.085919e+01, 8.324431e-01, 630, 549, 1, 2.643877e+01, 8.714286e-01, 1.027696e+02, 2.535027e+00, 0, 0, 1, 0, 0, 0, 0, 0, 0
Well C05, DsRed - Confocal - n000629.tif, 1.817353e+03, 5.328465e+02, 417, 2.431650e+01, 2.195290e+01, 4.300639e-01, 426, 417, 1, 2.304215e+01, 9.788732e-01, 7.394113e+01, 1.567788e+00, 0, 0, 1, 0, 0, 0, 0, 0, 0
Well C05, DsRed - Confocal - n000629.tif, 1.825393e+03, 7.786293e+02, 793, 5.177357e+01, 2.362550e+01, 8.898139e-01, 974, 793, 1, 3.177545e+01, 8.141684e-01, 1.476396e+02, 4.661234e+00, 0, 0, 0, 0, 1, 0, 0, 0, 0
Well C05, DsRed - Confocal - n000629.tif, 1.820312e+03, 2.502923e+02, 414, 2.371242e+01, 2.230268e+01, 3.396604e-01, 422, 414, 1, 2.295912e+01, 9.810427e-01, 7.311270e+01, 2.303304e+00, 0, 0, 1, 0, 0, 0, 0, 0, 0
Well C05, DsRed - Confocal - n000629.tif, 1.836245e+03, 6.578151e+02, 384, 2.380104e+01, 2.071746e+01, 4.922687e-01, 395, 384, 1, 2.211163e+01, 9.721519e-01, 7.169848e+01, 1.538705e+00, 0, 0, 1, 0, 0, 0, 0, 0, 0
Well C05, DsRed - Confocal - n000629.tif, 1.838818e+03, 8.273724e+02, 341, 2.502309e+01, 1.802746e+01, 6.935245e-01, 359, 341, 1, 2.083686e+01, 9.498607e-01, 6.994113e+01, 1.922652e+00, 0, 0, 1, 0, 0, 0, 0, 0, 0
Well C05, DsRed - Confocal - n000629.tif, 1.839532e+03, 5.565619e+02, 299, 2.252638e+01, 1.707923e+01, 6.520360e-01, 308, 299, 1, 1.951150e+01, 9.707792e-01, 6.345584e+01, 1.438926e+00, 0, 0, 1, 0, 0, 0, 0, 0, 1
Well C05, DsRed - Confocal - n000629.tif, 1.841040e+03, 5.896933e+02, 401, 2.421384e+01, 2.122913e+01, 4.809730e-01, 411, 401, 1, 2.259578e+01, 9.756691e-01, 7.252691e+01, 1.503624e+00, 0, 0, 1, 0, 0, 0, 0, 0, 0
Well C05, DsRed - Confocal - n000629.tif, 1.842512e+03, 7.221338e+02, 299, 2.155963e+01, 1.788392e+01, 5.584927e-01, 305, 299, 1, 1.951150e+01, 9.803279e-01, 6.238478e+01, 1.708049e+00, 0, 0, 1, 0, 0, 0, 0, 0, 1
Well C05, DsRed - Confocal - n000629.tif, 1.845898e+03, 7.983077e+02, 364, 2.321819e+01, 2.064379e+01, 4.576713e-01, 378, 364, 1, 2.152810e+01, 9.629630e-01, 7.228427e+01, 2.255802e+00, 0, 0, 1, 0, 0, 0, 0, 0, 0
Well C05, DsRed - Confocal - n000629.tif, 1.853113e+03, 5.215549e+02, 337, 2.156740e+01, 1.996774e+01, 3.779407e-01, 344, 337, 1, 2.071429e+01, 9.796512e-01, 6.628427e+01, 1.241657e+00, 0, 0, 1, 0, 0, 0, 0, 0, 0
Well C05, DsRed - Confocal - n000629.tif, 1.853146e+03, 7.458879e+02, 321, 2.133536e+01, 1.930013e+01, 4.262456e-01, 327, 321, 1, 2.021657e+01, 9.816514e-01, 6.404163e+01, 1.677379e+00, 0, 0, 1, 0, 0, 0, 0, 0, 0
Well C05, DsRed - Confocal - n000629.tif, 1.859627e+03, 6.240501e+02, 359, 2.360948e+01, 1.948883e+01, 5.644516e-01, 363, 359, 1, 2.137973e+01, 9.889807e-01, 6.794113e+01, 1.817227e+00, 0, 0, 1, 0, 0, 0, 0, 0, 0
Well C05, DsRed - Confocal - n000629.tif, 1.860892e+03, 7.715783e+02, 415, 3.037660e+01, 1.845187e+01, 7.943678e-01, 448, 415, 1, 2.298683e+01, 9.263393e-01, 8.052691e+01, 1.882658e+00, 0, 0, 1, 0, 0, 0, 0, 0, 0
Well C05, DsRed - Confocal - n000629.tif, 1.867657e+03, 8.077747e+02, 364, 2.481001e+01, 1.876496e+01, 6.541716e-01, 375, 364, 1, 2.152810e+01, 9.706667e-01, 6.994113e+01, 2.519615e+00, 0, 0, 1, 0, 0, 0, 0, 0, 0
Well C05, DsRed - Confocal - n000629.tif, 1.869456e+03, 5.678534e+02, 307, 2.187110e+01, 1.817682e+01, 5.561402e-01, 314, 307, 1, 1.977080e+01, 9.777070e-01, 6.369848e+01, 1.448951e+00, 0, 0, 1, 0, 0, 0, 0, 0, 0
Well C05, DsRed - Confocal - n000629.tif, 1.884909e+03, 5.890269e+02, 744, 4.048438e+01, 2.393830e+01, 8.064537e-01, 791, 744, 1, 3.077808e+01, 9.405815e-01, 1.086690e+02, 3.756863e+00, 0, 0, 1, 0, 0, 0, 0, 0, 0
Well C05, DsRed - Confocal - n000629.tif, 1.890767e+03, 7.904566e+02, 403, 2.560925e+01, 2.013002e+01, 6.181697e-01, 411, 403, 1, 2.265205e+01, 9.805353e-01, 7.311270e+01, 2.359762e+00, 0, 0, 1, 0, 0, 0, 0, 0, 0
Well C05, DsRed - Confocal - n000629.tif, 1.894527e+03, 7.532162e+02, 421, 2.603110e+01, 2.067793e+01, 6.074541e-01, 426, 421, 1, 2.315240e+01, 9.882629e-01, 7.428427e+01, 2.461326e+00, 0, 0, 1, 0, 0, 0, 0, 0, 0
Well C05, DsRed - Confocal - n000629.tif, 1.896993e+03, 6.359516e+02, 413, 2.418916e+01, 2.188196e+01, 4.262224e-01, 420, 413, 1, 2.293137e+01, 9.833333e-01, 7.345584e+01, 1.700328e+00, 0, 0, 1, 0, 0, 0, 0, 0, 0
Well C05, DsRed - Confocal - n000629.tif, 1.896121e+03, 5.557258e+02, 372, 2.574515e+01, 1.853934e+01, 6.938599e-01, 385, 372, 1, 2.176339e+01, 9.662338e-01, 7.169848e+01, 1.358587e+00, 0, 0, 1, 0, 0, 0, 0, 0, 0
Well C05, DsRed - Confocal - n000629.tif, 1.907370e+03, 5.276893e+02, 338, 2.341716e+01, 1.869001e+01, 6.024813e-01, 345, 338, 1, 2.074500e+01, 9.797101e-01, 6.662742e+01, 1.139605e+00, 0, 0, 1, 0, 0, 0, 0, 0, 0
Well C05, DsRed - Confocal - n000629.tif, 1.911647e+03, 6.055079e+02, 317, 2.294655e+01, 1.786361e+01, 6.276595e-01, 324, 317, 1, 2.009022e+01, 9.783951e-01, 6.487006e+01, 1.616983e+00, 0, 0, 1, 0, 0, 0, 0, 0, 0
Well C05, DsRed - Confocal - n000629.tif, 1.915473e+03, 7.782067e+02, 571, 3.022037e+01, 2.421663e+01, 5.982165e-01, 585, 571, 1, 2.696330e+01, 9.760684e-01, 8.759798e+01, 3.174441e+00, 0, 0, 1, 0, 0, 0, 0, 0, 0
Well C05, DsRed - Confocal - n000629.tif, 1.923704e+03, 5.514984e+02, 311, 2.121495e+01, 1.878091e+01, 4.650818e-01, 314, 311, 1, 1.989918e+01, 9.904459e-01, 6.321320e+01, 1.310185e+00, 0, 0, 1, 0, 0, 0, 0, 0, 0
Well C05, DsRed - Confocal - n000629.tif, 1.939100e+03, 5.857251e+02, 702, 4.981627e+01, 2.168362e+01, 9.002991e-01, 864, 702, 1, 2.989672e+01, 8.125000e-01, 1.339828e+02, 2.907378e+00, 0, 0, 0, 0, 1, 0, 0, 0, 0
Well C05, DsRed - Confocal - n000629.tif, 1.951563e+03, 7.689421e+02, 380, 2.668946e+01, 1.857194e+01, 7.181843e-01, 397, 380, 1, 2.199616e+01, 9.571788e-01, 7.394113e+01, 2.256504e+00, 0, 0, 1, 0, 0, 0, 0, 0, 0
Well C05, DsRed - Confocal - n000629.tif, 1.977338e+03, 7.820247e+02, 364, 2.476152e+01, 1.915364e+01, 6.337667e-01, 377, 364, 1, 2.152810e+01, 9.655172e-01, 7.062742e+01, 1.991302e+00, 0, 0, 1, 0, 0, 0, 0, 0, 0
Well C05, DsRed - Confocal - n000629.tif, 1.996448e+03, 1.531254e+03, 181, 1.901611e+01, 1.260181e+01, 7.488927e-01, 186, 181, 1, 1.518079e+01, 9.731183e-01, 5.014214e+01, 3.713741e-01, 1, 0, 1, 0, 0, 0, 0, 0, 1
Well D05, DsRed - Confocal - n000860.tif, 1.953772e+01, 1.191134e+03, 729, 4.637700e+01, 2.426671e+01, 8.521799e-01, 959, 729, 1, 3.046624e+01, 7.601668e-01, 1.394975e+02, 2.341375e+00, 1, 0, 0, 0, 1, 0, 0, 0, 0
Well D05, DsRed - Confocal - n000860.tif, 1.449243e+02, 1.163228e+03, 846, 5.719500e+01, 2.134433e+01, 9.277568e-01, 999, 846, 1, 3.282013e+01, 8.468468e-01, 1.453970e+02, 4.024582e+00, 0, 0, 0, 0, 1, 0, 0, 0, 0
Well D05, DsRed - Confocal - n000860.tif, 3.441690e+02, 8.446446e+02, 923, 5.292224e+01, 2.410950e+01, 8.902027e-01, 1046, 923, 1, 3.428119e+01, 8.824092e-01, 1.382254e+02, 4.677485e+00, 0, 0, 0, 0, 1, 0, 0, 0, 0
Well D05, DsRed - Confocal - n000860.tif, 2.652910e+02, 7.058885e+02, 780, 4.948724e+01, 2.193610e+01, 8.963893e-01, 888, 780, 1, 3.151392e+01, 8.783784e-01, 1.262254e+02, 5.291432e+00, 0, 0, 0, 0, 1, 0, 0, 0, 0
Well D05, DsRed - Confocal - n000860.tif, 4.975486e+02, 7.510192e+02, 884, 4.921968e+01, 2.602525e+01, 8.487733e-01, 1041, 884, 1, 3.354912e+01, 8.491835e-01, 1.469533e+02, 4.351507e+00, 0, 0, 0, 0, 1, 0, 0, 0, 0
Well D05, DsRed - Confocal - n000860.tif, 4.303988e+02, 1.940911e+02, 845, 5.425205e+01, 2.329992e+01, 9.030786e-01, 1004, 845, 1, 3.280072e+01, 8.416335e-01, 1.398823e+02, 5.883604e+00, 0, 0, 0, 0, 1, 0, 0, 0, 0
Well D05, DsRed - Confocal - n000860.tif, 5.373494e+02, 1.427707e+03, 936, 4.436005e+01, 2.829438e+01, 7.701733e-01, 1010, 936, 1, 3.452176e+01, 9.267327e-01, 1.237401e+02, 4.877958e+00, 0, 0, 0, 0, 1, 0, 0, 0, 0
Well D05, DsRed - Confocal - n000860.tif, 6.527063e+02, 1.427444e+03, 841, 5.176703e+01, 2.663744e+01, 8.574520e-01, 1084, 841, 1, 3.272300e+01, 7.758303e-01, 1.610538e+02, 3.022416e+00, 0, 0, 0, 0, 1, 0, 0, 0, 0
Well D05, DsRed - Confocal - n000860.tif, 8.332784e+02, 1.455112e+03, 837, 4.703880e+01, 2.509485e+01, 8.458047e-01, 960, 837, 1, 3.264508e+01, 8.718750e-01, 1.337401e+02, 5.511040e+00, 0, 0, 0, 0, 1, 0, 0, 0, 0
Well D05, DsRed - Confocal - n000860.tif, 9.403422e+02, 1.390059e+03, 1245, 8.158736e+01, 2.242336e+01, 9.614904e-01, 1560, 1245, 1, 3.981436e+01, 7.980769e-01, 2.095807e+02, 9.190646e+00, 0, 0, 0, 0, 1, 0, 0, 0, 0
Well D05, DsRed - Confocal - n000860.tif, 1.089195e+03, 1.348235e+03, 945, 5.133409e+01, 2.434068e+01, 8.804375e-01, 1025, 945, 1, 3.468734e+01, 9.219512e-01, 1.299828e+02, 6.739590e+00, 0, 0, 0, 0, 1, 0, 0, 0, 0
Well D05, DsRed - Confocal - n000860.tif, 1.825267e+03, 9.665347e+02, 836, 4.777932e+01, 2.577015e+01, 8.420767e-01, 983, 836, 1, 3.262558e+01, 8.504578e-01, 1.444680e+02, 2.650965e+00, 0, 0, 0, 0, 1, 0, 0, 0, 0
Well D05, DsRed - Confocal - n000860.tif, 1.853649e+03, 4.239082e+02, 621, 4.062333e+01, 2.250194e+01, 8.325721e-01, 734, 621, 1, 2.811906e+01, 8.460490e-01, 1.174975e+02, 2.172732e+00, 0, 0, 0, 0, 1, 0, 0, 0, 0
Well D05, DsRed - Confocal - n000860.tif, 1.611351e+03, 2.810031e+02, 653, 5.202020e+01, 1.847925e+01, 9.347781e-01, 783, 653, 1, 2.883445e+01, 8.339719e-01, 1.249117e+02, 2.411505e+00, 0, 0, 0, 0, 1, 0, 0, 0, 0
Well D05, DsRed - Confocal - n000860.tif, 1.518642e+03, 3.262773e+02, 952, 4.199187e+01, 2.997000e+01, 7.004416e-01, 1020, 952, 1, 3.481557e+01, 9.333333e-01, 1.251543e+02, 5.371466e+00, 0, 0, 0, 0, 1, 0, 0, 0, 0
Well D05, DsRed - Confocal - n000860.tif, 1.857280e+03, 1.441556e+02, 1028, 6.780642e+01, 2.311024e+01, 9.401261e-01, 1294, 1028, 1, 3.617859e+01, 7.944359e-01, 1.985097e+02, 3.829328e+00, 0, 0, 0, 0, 1, 0, 0, 0, 0
Well D05, DsRed - Confocal - n000860.tif, 1.574304e+03, 8.810501e+02, 339, 2.750267e+01, 1.616756e+01, 8.089669e-01, 355, 339, 1, 2.077566e+01, 9.549296e-01, 7.121320e+01, 2.060746e+00, 0, 0, 1, 0, 0, 1, 0, 0, 0
Well D05, DsRed - Confocal - n000860.tif, 1.700858e+03, 8.376238e+02, 303, 2.743835e+01, 1.433067e+01, 8.527704e-01, 313, 303, 1, 1.964158e+01, 9.680511e-01, 6.755635e+01, 2.241886e+00, 0, 0, 1, 0, 0, 1, 0, 0, 0
Well D05, DsRed - Confocal - n000860.tif, 1.951698e+03, 1.091683e+03, 265, 2.670069e+01, 1.294991e+01, 8.745126e-01, 279, 265, 1, 1.836868e+01, 9.498208e-01, 6.462742e+01, 1.570260e+00, 0, 0, 1, 0, 0, 1, 0, 0, 1
Well D05, DsRed - Confocal - n000860.tif, 1.114383e+03, 9.225489e+02, 133, 1.642273e+01, 1.056942e+01, 7.653746e-01, 135, 133, 1, 1.301310e+01, 9.851852e-01, 4.272792e+01, 5.311971e-01, 0, 0, 1, 0, 0, 0, 1, 0, 1
Well D05, DsRed - Confocal - n000860.tif, 1.126536e+03, 9.068929e+02, 140, 1.666257e+01, 1.080839e+01, 7.610760e-01, 144, 140, 1, 1.335116e+01, 9.722222e-01, 4.297056e+01, 4.883955e-01, 0, 0, 1, 0, 0, 0, 1, 0, 1
Well D05, DsRed - Confocal - n000860.tif, 3.677923e+02, 2.919508e+02, 183, 2.021188e+01, 1.168144e+01, 8.160727e-01, 186, 183, 1, 1.526443e+01, 9.838710e-01, 5.072792e+01, 1.132998e+00, 0, 0, 1, 0, 0, 0, 1, 0, 1
Well D05, DsRed - Confocal - n000860.tif, 3.878551e+02, 2.931449e+02, 138, 1.597100e+01, 1.114438e+01, 7.163039e-01, 141, 138, 1, 1.325545e+01, 9.787234e-01, 4.214214e+01, 3.937438e-01, 0, 0, 1, 0, 0, 0, 1, 0, 1
Well D05, DsRed - Confocal - n000860.tif, 1.483642e+03, 1.299506e+02, 162, 1.856682e+01, 1.121498e+01, 7.969591e-01, 167, 162, 1, 1.436192e+01, 9.700599e-01, 4.697056e+01, 8.202182e-01, 0, 0, 1, 0, 0, 0, 1, 0, 1
Well D05, DsRed - Confocal - n000860.tif, 1.503031e+03, 1.352264e+02, 159, 1.853125e+01, 1.109176e+01, 8.010905e-01, 162, 159, 1, 1.422832e+01, 9.814815e-01, 4.614214e+01, 8.056458e-01, 0, 0, 1, 0, 0, 0, 1, 0, 1
Well D05, DsRed - Confocal - n000860.tif, 1.638439e+03, 1.970854e+02, 164, 2.120935e+01, 1.016788e+01, 8.775933e-01, 173, 164, 1, 1.445030e+01, 9.479769e-01, 5.048528e+01, 1.034470e+00, 0, 0, 1, 0, 0, 0, 1, 0, 1
Well D05, DsRed - Confocal - n000860.tif, 1.658080e+03, 1.987423e+02, 163, 1.849401e+01, 1.152811e+01, 7.819487e-01, 169, 163, 1, 1.440618e+01, 9.644970e-01, 4.789949e+01, 1.621637e+00, 0, 0, 1, 0, 0, 0, 1, 0, 1
