Area, MajorAxisLength, MinorAxisLength, Eccentricity, ConvexArea, FilledArea, EulerNumber, EquivDiameter, Solidity, Perimeter, Intensity, X, Y, IsTopEdge, IsBottomEdge, IsLeftEdge, IsRightEdge, IsNucleus, IsOverSeg, IsUnderSeg, 
26, 1.001748e+01, 4.153501e+00, 9.099923e-01, 32, 26, 1, 5.753627e+00, 8.125000e-01, 2.531371e+01, 6.338598e-02, 2.769231e+00, 3.853846e+02, 0, 0, 1, 0, 1, 0, 0, 
331, 2.548084e+01, 1.701027e+01, 7.445459e-01, 339, 331, 1, 2.052906e+01, 9.764012e-01, 7.052691e+01, 9.240864e-01, 8.734139e+00, 4.062749e+02, 0, 0, 1, 0, 1, 0, 0, 
272, 2.291453e+01, 1.555511e+01, 7.342939e-01, 278, 272, 1, 1.860971e+01, 9.784173e-01, 6.121320e+01, 1.898558e+00, 7.117647e+00, 4.596912e+02, 0, 0, 1, 0, 1, 0, 0, 
480, 3.622265e+01, 1.762411e+01, 8.736531e-01, 494, 480, 1, 2.472155e+01, 9.716599e-01, 8.994113e+01, 1.973587e+00, 8.514583e+00, 7.735500e+02, 0, 0, 1, 0, 1, 0, 0, 
243, 3.656348e+01, 9.330528e+00, 9.668917e-01, 259, 243, 1, 1.758969e+01, 9.382239e-01, 8.038478e+01, 9.444572e-01, 4.226337e+00, 8.322634e+02, 0, 0, 1, 0, 1, 0, 0, 
217, 2.805595e+01, 1.119900e+01, 9.168783e-01, 267, 217, 1, 1.662206e+01, 8.127341e-01, 7.394113e+01, 5.944915e-01, 1.718894e+01, 8.819355e+02, 0, 0, 1, 0, 1, 0, 0, 
493, 3.232769e+01, 1.979174e+01, 7.906857e-01, 534, 493, 1, 2.505408e+01, 9.232210e-01, 9.408326e+01, 2.318761e+00, 2.731237e+01, 9.155659e+02, 0, 0, 0, 0, 1, 0, 0, 
1, 1.154701e+00, 1.154701e+00, 0, 1, 1, 1, 1.128379e+00, 1, 0, 2.273594e-03, 20, 993, 0, 0, 0, 0, 0, 1, 0, 
15, 5.966166e+00, 3.527098e+00, 8.065373e-01, 16, 15, 1, 4.370194e+00, 9.375000e-01, 1.307107e+01, 3.642329e-02, 2.373333e+01, 9.906000e+02, 0, 0, 0, 0, 1, 0, 0, 
1, 1.154701e+00, 1.154701e+00, 0, 1, 1, 1, 1.128379e+00, 1, 0, 2.319371e-03, 23, 1003, 0, 0, 0, 0, 0, 1, 0, 
35, 7.551179e+00, 6.148688e+00, 5.804881e-01, 38, 35, 1, 6.675581e+00, 9.210526e-01, 2.048528e+01, 9.336995e-02, 2.880000e+01, 864, 0, 0, 0, 0, 1, 0, 0, 
2, 2.309401e+00, 1.154701e+00, 8.660254e-01, 2, 2, 1, 1.595769e+00, 1, 2, 4.577707e-03, 28, 4.965000e+02, 0, 0, 0, 0, 0, 1, 0, 
2, 2.309401e+00, 1.154701e+00, 8.660254e-01, 2, 2, 1, 1.595769e+00, 1, 2, 4.669261e-03, 28, 9.875000e+02, 0, 0, 0, 0, 0, 1, 0, 
9, 4.952447e+00, 2.715603e+00, 8.362583e-01, 10, 9, 1, 3.385138e+00, 9.000000e-01, 9.656854e+00, 2.159152e-02, 2.922222e+01, 9.978889e+02, 0, 0, 0, 0, 1, 0, 0, 
4, 3.586706e+00, 2.191393e+00, 7.916487e-01, 5, 4, 1, 2.256758e+00, 8.000000e-01, 6.242641e+00, 9.460594e-03, 3.050000e+01, 9.902500e+02, 0, 0, 0, 0, 0, 1, 0, 
2, 2.309401e+00, 1.154701e+00, 8.660254e-01, 2, 2, 1, 1.595769e+00, 1, 2, 4.608225e-03, 31, 4.965000e+02, 0, 0, 0, 0, 0, 1, 0, 
2, 2.309401e+00, 1.154701e+00, 8.660254e-01, 2, 2, 1, 1.595769e+00, 1, 2, 4.592966e-03, 31, 9.935000e+02, 0, 0, 0, 0, 0, 1, 0, 
14, 6.110101e+00, 3.286749e+00, 8.429955e-01, 16, 14, 1, 4.222008e+00, 8.750000e-01, 1.282843e+01, 3.370718e-02, 3.378571e+01, 4.975714e+02, 0, 0, 0, 0, 1, 0, 0, 
1, 1.154701e+00, 1.154701e+00, 0, 1, 1, 1, 1.128379e+00, 1, 0, 2.349889e-03, 35, 494, 0, 0, 0, 0, 0, 1, 0, 
406, 2.565708e+01, 2.082565e+01, 5.840855e-01, 429, 406, 1, 2.273621e+01, 9.463869e-01, 7.794113e+01, 1.929870e+00, 4.817734e+01, 8.800369e+02, 0, 0, 0, 0, 1, 0, 0, 
2, 3.055050e+00, 1.154701e+00, 9.258201e-01, 2, 2, 1, 1.595769e+00, 1, 2.828427e+00, 4.547189e-03, 3.850000e+01, 4.915000e+02, 0, 0, 0, 0, 0, 1, 0, 
57, 1.228582e+01, 6.586401e+00, 8.441557e-01, 70, 57, 1, 8.519076e+00, 8.142857e-01, 3.662742e+01, 1.393149e-01, 4.447368e+01, 4.927544e+02, 0, 0, 0, 0, 1, 0, 0, 
361, 2.567850e+01, 1.797947e+01, 7.139702e-01, 372, 361, 1, 2.143920e+01, 9.704301e-01, 6.994113e+01, 1.617853e+00, 5.302493e+01, 8.457590e+02, 0, 0, 0, 0, 1, 0, 0, 
408, 2.802464e+01, 1.877136e+01, 7.425269e-01, 419, 408, 1, 2.279214e+01, 9.737470e-01, 7.559798e+01, 2.457572e+00, 5.776961e+01, 1.312794e+02, 0, 0, 0, 0, 1, 0, 0, 
304, 2.948148e+01, 1.362250e+01, 8.868436e-01, 333, 304, 1, 1.967396e+01, 9.129129e-01, 7.384062e+01, 3.401343e+00, 5.722368e+01, 4.132336e+02, 0, 0, 0, 0, 1, 0, 0, 
224, 2.245353e+01, 1.304690e+01, 8.138591e-01, 239, 224, 1, 1.688803e+01, 9.372385e-01, 5.779899e+01, 1.313375e+00, 5.864732e+01, 5.968348e+02, 0, 0, 0, 0, 1, 0, 0, 
163, 1.756211e+01, 1.199411e+01, 7.304615e-01, 171, 163, 1, 1.440618e+01, 9.532164e-01, 4.779899e+01, 8.690623e-01, 5.858282e+01, 5.726074e+02, 0, 0, 0, 0, 1, 0, 0, 
314, 2.923091e+01, 1.414234e+01, 8.751705e-01, 348, 314, 1, 1.999493e+01, 9.022989e-01, 8.384062e+01, 7.948272e-01, 6.247771e+01, 3.822261e+02, 0, 0, 0, 0, 1, 0, 0, 
12, 4.618802e+00, 3.464102e+00, 6.614378e-01, 12, 12, 1, 3.908820e+00, 1, 10, 3.936828e-02, 58, 9.005000e+02, 0, 0, 0, 0, 1, 0, 0, 
248, 2.033927e+01, 1.572357e+01, 6.343273e-01, 256, 248, 1, 1.776973e+01, 9.687500e-01, 5.769848e+01, 1.606134e+00, 7.389516e+01, 9.965403e+02, 0, 0, 0, 0, 1, 0, 0, 
200, 2.044805e+01, 1.271161e+01, 7.832921e-01, 207, 200, 1, 1.595769e+01, 9.661836e-01, 5.321320e+01, 1.015640e+00, 7.747000e+01, 9.529050e+02, 0, 0, 0, 0, 1, 0, 0, 
603, 4.108528e+01, 2.151519e+01, 8.519203e-01, 692, 603, 1, 2.770854e+01, 8.713873e-01, 1.395391e+02, 1.988830e+00, 8.787065e+01, 6.789801e+02, 0, 0, 0, 0, 1, 0, 0, 
299, 2.611711e+01, 1.484339e+01, 8.227941e-01, 315, 299, 1, 1.951150e+01, 9.492063e-01, 6.852691e+01, 9.149157e-01, 9.080936e+01, 3.687492e+02, 0, 0, 0, 0, 1, 0, 0, 
50, 1.506076e+01, 4.879354e+00, 9.460647e-01, 53, 50, 1, 7.978846e+00, 9.433962e-01, 3.331371e+01, 2.248722e-01, 9.086000e+01, 1.022680e+03, 0, 1, 0, 0, 1, 0, 0, 
238, 1.878850e+01, 1.845416e+01, 1.878103e-01, 273, 238, 1, 1.740779e+01, 8.717949e-01, 6.569848e+01, 9.202106e-01, 9.553782e+01, 9.859832e+02, 0, 0, 0, 0, 1, 0, 0, 
362, 2.499823e+01, 1.851063e+01, 6.720810e-01, 370, 362, 1, 2.146888e+01, 9.783784e-01, 6.935534e+01, 2.193835e+00, 9.854420e+01, 5.748923e+02, 0, 0, 0, 0, 1, 0, 0, 
320, 2.396874e+01, 1.726695e+01, 6.935644e-01, 328, 320, 1, 2.018506e+01, 9.756098e-01, 6.735534e+01, 9.713588e-01, 9.948125e+01, 4.428719e+02, 0, 0, 0, 0, 1, 0, 0, 
530, 3.051739e+01, 2.240147e+01, 6.790890e-01, 544, 530, 1, 2.597724e+01, 9.742647e-01, 8.559798e+01, 2.227848e+00, 1.118302e+02, 4.022434e+02, 0, 0, 0, 0, 1, 0, 0, 
292, 2.460217e+01, 1.548942e+01, 7.769228e-01, 309, 292, 1, 1.928175e+01, 9.449838e-01, 6.852691e+01, 8.719005e-01, 1.105274e+02, 4.692534e+02, 0, 0, 0, 0, 1, 0, 0, 
339, 2.431426e+01, 1.793164e+01, 6.753528e-01, 351, 339, 1, 2.077566e+01, 9.658120e-01, 6.852691e+01, 2.826795e+00, 1.095015e+02, 9.407404e+02, 0, 0, 0, 0, 1, 0, 0, 
497, 3.601365e+01, 1.780314e+01, 8.692662e-01, 523, 497, 1, 2.515552e+01, 9.502868e-01, 9.725483e+01, 1.942107e+00, 1.176278e+02, 6.533300e+02, 0, 0, 0, 0, 1, 0, 0, 
420, 2.541190e+01, 2.126063e+01, 5.477520e-01, 434, 420, 1, 2.312489e+01, 9.677419e-01, 7.594113e+01, 3.255650e+00, 1.208619e+02, 9.766405e+02, 0, 0, 0, 0, 1, 0, 0, 
402, 2.978293e+01, 1.746060e+01, 8.101216e-01, 414, 402, 1, 2.262393e+01, 9.710145e-01, 7.735534e+01, 3.209155e+00, 1.278159e+02, 4.372687e+02, 0, 0, 0, 0, 1, 0, 0, 
295, 2.453748e+01, 1.606456e+01, 7.558932e-01, 321, 295, 1, 1.938055e+01, 9.190031e-01, 6.794113e+01, 1.590524e+00, 1.470136e+02, 2.676814e+02, 0, 0, 0, 0, 1, 0, 0, 
373, 2.238065e+01, 2.139305e+01, 2.937811e-01, 378, 373, 1, 2.179262e+01, 9.867725e-01, 6.935534e+01, 2.652552e+00, 1.508579e+02, 5.879410e+02, 0, 0, 0, 0, 1, 0, 0, 
453, 2.799734e+01, 2.090216e+01, 6.652994e-01, 471, 453, 1, 2.401619e+01, 9.617834e-01, 8.701219e+01, 1.938796e+00, 1.555254e+02, 4.207263e+02, 0, 0, 0, 0, 1, 0, 0, 
376, 2.905629e+01, 1.664253e+01, 8.197170e-01, 385, 376, 1, 2.188008e+01, 9.766234e-01, 7.345584e+01, 2.171832e+00, 1.588511e+02, 3.808830e+02, 0, 0, 0, 0, 1, 0, 0, 
526, 2.796444e+01, 2.439538e+01, 4.888439e-01, 550, 526, 1, 2.587903e+01, 9.563636e-01, 8.559798e+01, 3.275853e+00, 1.593308e+02, 4.590304e+02, 0, 0, 0, 0, 1, 0, 0, 
246, 1.938913e+01, 1.639858e+01, 5.335609e-01, 260, 246, 1, 1.769794e+01, 9.461538e-01, 5.911270e+01, 7.121386e-01, 1.552439e+02, 5.223537e+02, 0, 0, 0, 0, 1, 0, 0, 
298, 2.621860e+01, 1.469406e+01, 8.281922e-01, 311, 298, 1, 1.947884e+01, 9.581994e-01, 6.818377e+01, 1.078523e+00, 1.574698e+02, 6.531342e+02, 0, 0, 0, 0, 1, 0, 0, 
399, 2.615519e+01, 1.967537e+01, 6.588723e-01, 414, 399, 1, 2.253936e+01, 9.637681e-01, 7.452691e+01, 2.775860e+00, 1.840150e+02, 4.805013e+01, 0, 0, 0, 0, 1, 0, 0, 
375, 2.463246e+01, 1.952270e+01, 6.097938e-01, 391, 375, 1, 2.185097e+01, 9.590793e-01, 7.194113e+01, 1.954238e+00, 2.001787e+02, 4.186213e+02, 0, 0, 0, 0, 1, 0, 0, 
321, 2.671664e+01, 1.539880e+01, 8.171854e-01, 336, 321, 1, 2.021657e+01, 9.553571e-01, 6.876955e+01, 1.141283e+00, 2.055327e+02, 7.154174e+02, 0, 0, 0, 0, 1, 0, 0, 
311, 2.491655e+01, 1.606153e+01, 7.645089e-01, 322, 311, 1, 1.989918e+01, 9.658385e-01, 6.652691e+01, 1.115846e+00, 2.114019e+02, 1.906656e+02, 0, 0, 0, 0, 1, 0, 0, 
26, 8.558741e+00, 4.444977e+00, 8.545620e-01, 31, 26, 1, 5.753627e+00, 8.387097e-01, 2.131371e+01, 6.363012e-02, 2.059615e+02, 4.800769e+02, 0, 0, 0, 0, 1, 0, 0, 
37, 1.317206e+01, 4.784682e+00, 9.316938e-01, 52, 37, 1, 6.863663e+00, 7.115385e-01, 3.214214e+01, 8.915846e-02, 2.127027e+02, 4.882162e+02, 0, 0, 0, 0, 1, 0, 0, 
407, 2.705734e+01, 1.922627e+01, 7.036217e-01, 414, 407, 1, 2.276419e+01, 9.830918e-01, 7.394113e+01, 2.410269e+00, 2.232359e+02, 2.923342e+02, 0, 0, 0, 0, 1, 0, 0, 
1, 1.154701e+00, 1.154701e+00, 0, 1, 1, 1, 1.128379e+00, 1, 0, 2.288853e-03, 219, 488, 0, 0, 0, 0, 0, 1, 0, 
2, 2.309401e+00, 1.154701e+00, 8.660254e-01, 2, 2, 1, 1.595769e+00, 1, 2, 4.577707e-03, 220, 4.935000e+02, 0, 0, 0, 0, 0, 1, 0, 
482, 3.280875e+01, 1.887141e+01, 8.180169e-01, 499, 482, 1, 2.477300e+01, 9.659319e-01, 8.501219e+01, 2.526741e+00, 2.321929e+02, 4.573444e+01, 0, 0, 0, 0, 1, 0, 0, 
11, 4.753223e+00, 3.278905e+00, 7.239735e-01, 12, 11, 1, 3.742410e+00, 9.166667e-01, 1.024264e+01, 2.632181e-02, 2.306364e+02, 5.356364e+02, 0, 0, 0, 0, 1, 0, 0, 
500, 2.957168e+01, 2.162558e+01, 6.820628e-01, 511, 500, 1, 2.523133e+01, 9.784736e-01, 8.242641e+01, 3.416938e+00, 2.401860e+02, 5.987360e+02, 0, 0, 0, 0, 1, 0, 0, 
576, 3.584067e+01, 2.065139e+01, 8.173087e-01, 603, 576, 1, 2.708110e+01, 9.552239e-01, 9.432590e+01, 3.542290e+00, 2.481458e+02, 6.307587e+02, 0, 0, 0, 0, 1, 0, 0, 
298, 2.303917e+01, 1.659142e+01, 6.938291e-01, 311, 298, 1, 1.947884e+01, 9.581994e-01, 6.452691e+01, 1.112612e+00, 2.457450e+02, 6.841745e+02, 0, 0, 0, 0, 1, 0, 0, 
489, 2.970014e+01, 2.103617e+01, 7.059263e-01, 505, 489, 1, 2.495224e+01, 9.683168e-01, 8.242641e+01, 2.677745e+00, 2.551554e+02, 5.100818e+01, 0, 0, 0, 0, 1, 0, 0, 
384, 2.454536e+01, 1.999399e+01, 5.800611e-01, 395, 384, 1, 2.211163e+01, 9.721519e-01, 7.135534e+01, 2.952682e+00, 2.550521e+02, 2.171641e+02, 0, 0, 0, 0, 1, 0, 0, 
496, 2.938217e+01, 2.154749e+01, 6.798485e-01, 506, 496, 1, 2.513020e+01, 9.802372e-01, 8.184062e+01, 6.944305e+00, 2.577903e+02, 1.146855e+02, 0, 0, 0, 0, 1, 0, 0, 
470, 3.004241e+01, 2.012406e+01, 7.424918e-01, 487, 470, 1, 2.446268e+01, 9.650924e-01, 8.218377e+01, 2.610437e+00, 2.596298e+02, 1.860213e+01, 1, 0, 0, 0, 1, 0, 0, 
430, 2.669591e+01, 2.059827e+01, 6.361215e-01, 445, 430, 1, 2.339857e+01, 9.662921e-01, 7.676955e+01, 2.392844e+00, 2.627628e+02, 8.447419e+02, 0, 0, 0, 0, 1, 0, 0, 
240, 2.067175e+01, 1.553351e+01, 6.598050e-01, 247, 240, 1, 1.748077e+01, 9.716599e-01, 5.979899e+01, 3.176684e+00, 2.797583e+02, 1.018108e+03, 0, 1, 0, 0, 1, 0, 0, 
370, 2.443811e+01, 1.957853e+01, 5.984674e-01, 384, 370, 1, 2.170481e+01, 9.635417e-01, 7.301219e+01, 1.280217e+00, 2.802351e+02, 1.426243e+02, 0, 0, 0, 0, 1, 0, 0, 
203, 1.916385e+01, 1.398885e+01, 6.834893e-01, 225, 203, 1, 1.607693e+01, 9.022222e-01, 5.687006e+01, 5.607385e-01, 2.987586e+02, 4.432069e+02, 0, 0, 0, 0, 1, 0, 0, 
350, 2.542244e+01, 1.834707e+01, 6.922183e-01, 377, 350, 1, 2.111004e+01, 9.283820e-01, 7.359798e+01, 1.202762e+00, 3.088886e+02, 7.952657e+02, 0, 0, 0, 0, 1, 0, 0, 
514, 3.241538e+01, 2.049550e+01, 7.747422e-01, 528, 514, 1, 2.558213e+01, 9.734848e-01, 8.604163e+01, 2.226780e+00, 3.096537e+02, 1.495914e+01, 1, 0, 0, 0, 1, 0, 0, 
392, 2.541555e+01, 1.977411e+01, 6.282246e-01, 398, 392, 1, 2.234077e+01, 9.849246e-01, 7.218377e+01, 2.628244e+00, 3.132398e+02, 6.998393e+02, 0, 0, 0, 0, 1, 0, 0, 
313, 2.160067e+01, 1.865961e+01, 5.037592e-01, 326, 313, 1, 1.996307e+01, 9.601227e-01, 6.594113e+01, 1.071015e+00, 3.137157e+02, 8.296006e+02, 0, 0, 0, 0, 1, 0, 0, 
367, 2.609978e+01, 1.825864e+01, 7.145635e-01, 379, 367, 1, 2.161664e+01, 9.683377e-01, 7.194113e+01, 2.530907e+00, 3.176458e+02, 6.701199e+02, 0, 0, 0, 0, 1, 0, 0, 
462, 2.684769e+01, 2.225079e+01, 5.595769e-01, 480, 462, 1, 2.425359e+01, 9.625000e-01, 8.018377e+01, 2.266972e+00, 3.198506e+02, 8.894048e+02, 0, 0, 0, 0, 1, 0, 0, 
406, 2.997108e+01, 1.755672e+01, 8.104638e-01, 430, 406, 1, 2.273621e+01, 9.441860e-01, 7.876955e+01, 1.644343e+00, 3.210468e+02, 9.352463e+01, 0, 0, 0, 0, 1, 0, 0, 
307, 3.097461e+01, 1.381018e+01, 8.951052e-01, 342, 307, 1, 1.977080e+01, 8.976608e-01, 8.891169e+01, 9.332723e-01, 3.238599e+02, 9.415375e+02, 0, 0, 0, 0, 1, 0, 0, 
773, 3.655275e+01, 2.733209e+01, 6.639875e-01, 799, 773, 1, 3.137219e+01, 9.674593e-01, 1.049117e+02, 5.490440e+00, 3.301734e+02, 7.218111e+02, 0, 0, 0, 0, 1, 0, 1, 
263, 2.624701e+01, 1.825582e+01, 7.184885e-01, 348, 263, 1, 1.829923e+01, 7.557471e-01, 1.046690e+02, 8.209659e-01, 3.299544e+02, 2.568441e+01, 0, 0, 0, 0, 1, 0, 0, 
485, 3.041275e+01, 2.036906e+01, 7.425831e-01, 494, 485, 1, 2.484997e+01, 9.817814e-01, 8.159798e+01, 2.725231e+00, 3.322021e+02, 1.392330e+02, 0, 0, 0, 0, 1, 0, 0, 
66, 1.457727e+01, 6.273467e+00, 9.026575e-01, 69, 66, 1, 9.166996e+00, 9.565217e-01, 3.414214e+01, 2.612039e-01, 3.308788e+02, 1.022045e+03, 0, 1, 0, 0, 1, 0, 0, 
343, 2.313205e+01, 1.894342e+01, 5.739005e-01, 349, 343, 1, 2.089787e+01, 9.828080e-01, 6.652691e+01, 2.206104e+00, 3.398105e+02, 1.108805e+02, 0, 0, 0, 0, 1, 0, 0, 
345, 2.891984e+01, 1.533397e+01, 8.478580e-01, 360, 345, 1, 2.095871e+01, 9.583333e-01, 7.276955e+01, 9.342031e-01, 3.473884e+02, 9.352377e+02, 0, 0, 0, 0, 1, 0, 0, 
417, 3.252713e+01, 1.638674e+01, 8.638280e-01, 426, 417, 1, 2.304215e+01, 9.788732e-01, 7.994113e+01, 2.201160e+00, 3.552182e+02, 1.765683e+02, 0, 0, 0, 0, 1, 0, 0, 
306, 2.100129e+01, 1.867206e+01, 4.577303e-01, 315, 306, 1, 1.973857e+01, 9.714286e-01, 6.335534e+01, 1.080522e+00, 3.624771e+02, 8.560327e+02, 0, 0, 0, 0, 1, 0, 0, 
350, 2.594860e+01, 1.746660e+01, 7.395306e-01, 364, 350, 1, 2.111004e+01, 9.615385e-01, 7.052691e+01, 1.114855e+00, 3.645114e+02, 8.484857e+01, 0, 0, 0, 0, 1, 0, 0, 
442, 2.596216e+01, 2.174034e+01, 5.466124e-01, 454, 442, 1, 2.372281e+01, 9.735683e-01, 7.676955e+01, 2.801144e+00, 3.668643e+02, 1.001812e+03, 0, 0, 0, 0, 1, 0, 0, 
454, 2.916229e+01, 1.995206e+01, 7.293196e-01, 471, 454, 1, 2.404269e+01, 9.639066e-01, 8.125483e+01, 2.315480e+00, 3.767709e+02, 9.323480e+02, 0, 0, 0, 0, 1, 0, 0, 
310, 2.527269e+01, 1.579782e+01, 7.805491e-01, 322, 310, 1, 1.986717e+01, 9.627329e-01, 6.687006e+01, 1.340337e+00, 3.816452e+02, 1.689742e+02, 0, 0, 0, 0, 1, 0, 0, 
319, 2.690252e+01, 1.528063e+01, 8.230287e-01, 332, 319, 1, 2.015350e+01, 9.608434e-01, 6.887006e+01, 1.424369e+00, 3.822132e+02, 2.680909e+02, 0, 0, 0, 0, 1, 0, 0, 
169, 1.988037e+01, 1.200911e+01, 7.969323e-01, 209, 169, 1, 1.466893e+01, 8.086124e-01, 7.735534e+01, 4.364691e-01, 3.910118e+02, 7.106627e+02, 0, 0, 0, 0, 1, 0, 0, 
400, 2.783095e+01, 1.841484e+01, 7.497973e-01, 415, 400, 1, 2.256758e+01, 9.638554e-01, 7.618377e+01, 1.321355e+00, 3.919050e+02, 7.647200e+02, 0, 0, 0, 0, 1, 0, 0, 
330, 2.681813e+01, 1.589425e+01, 8.054468e-01, 344, 330, 1, 2.049803e+01, 9.593023e-01, 6.969848e+01, 2.210315e+00, 3.925394e+02, 5.956000e+02, 0, 0, 0, 0, 1, 0, 0, 
308, 2.784313e+01, 1.429819e+01, 8.580736e-01, 324, 308, 1, 1.980297e+01, 9.506173e-01, 7.052691e+01, 1.150896e+00, 3.925292e+02, 1.006744e+03, 0, 1, 0, 0, 1, 0, 0, 
243, 2.203923e+01, 1.570033e+01, 7.017926e-01, 282, 243, 1, 1.758969e+01, 8.617021e-01, 8.808326e+01, 6.669871e-01, 4.058683e+02, 7.381029e+02, 0, 0, 0, 0, 1, 0, 0, 
17, 6.620288e+00, 3.926801e+00, 8.050945e-01, 20, 17, 1, 4.652426e+00, 8.500000e-01, 1.589949e+01, 4.110780e-02, 4.012353e+02, 7.052353e+02, 0, 0, 0, 0, 1, 0, 0, 
1, 1.154701e+00, 1.154701e+00, 0, 1, 1, 1, 1.128379e+00, 1, 0, 2.304112e-03, 402, 730, 0, 0, 0, 0, 0, 1, 0, 
1, 1.154701e+00, 1.154701e+00, 0, 1, 1, 1, 1.128379e+00, 1, 0, 2.288853e-03, 403, 702, 0, 0, 0, 0, 0, 1, 0, 
2, 2.309401e+00, 1.154701e+00, 8.660254e-01, 2, 2, 1, 1.595769e+00, 1, 2, 4.654002e-03, 404, 7.095000e+02, 0, 0, 0, 0, 0, 1, 0, 
397, 2.801411e+01, 1.817585e+01, 7.609500e-01, 405, 397, 1, 2.248280e+01, 9.802469e-01, 7.476955e+01, 2.179461e+00, 4.196423e+02, 8.723501e+02, 0, 0, 0, 0, 1, 0, 0, 
127, 1.801513e+01, 1.018715e+01, 8.247638e-01, 152, 127, 1, 1.271619e+01, 8.355263e-01, 5.252691e+01, 3.290150e-01, 4.215906e+02, 4.537480e+02, 0, 0, 0, 0, 1, 0, 0, 
792, 5.093520e+01, 2.328155e+01, 8.894247e-01, 964, 792, 1, 3.175540e+01, 8.215768e-01, 1.437817e+02, 4.036942e+00, 4.306705e+02, 9.552929e+02, 0, 0, 0, 0, 1, 0, 1, 
241, 1.815710e+01, 1.736854e+01, 2.915018e-01, 250, 241, 1, 1.751716e+01, 9.640000e-01, 5.711270e+01, 1.010346e+00, 4.402739e+02, 7.132531e+02, 0, 0, 0, 0, 1, 0, 0, 
295, 2.187690e+01, 1.747142e+01, 6.018304e-01, 306, 295, 1, 1.938055e+01, 9.640523e-01, 6.369848e+01, 1.570153e+00, 4.420610e+02, 7.770983e+02, 0, 0, 0, 0, 1, 0, 0, 
430, 2.857245e+01, 1.943129e+01, 7.331464e-01, 445, 430, 1, 2.339857e+01, 9.662921e-01, 7.866905e+01, 2.110918e+00, 4.478953e+02, 3.766791e+02, 0, 0, 0, 0, 1, 0, 0, 
416, 2.749880e+01, 1.936212e+01, 7.100930e-01, 432, 416, 1, 2.301451e+01, 9.629630e-01, 7.618377e+01, 1.933394e+00, 4.568918e+02, 4.052524e+02, 0, 0, 0, 0, 1, 0, 0, 
474, 2.980558e+01, 2.047350e+01, 7.267506e-01, 486, 474, 1, 2.456655e+01, 9.753086e-01, 8.101219e+01, 2.486870e+00, 4.604620e+02, 3.228544e+02, 0, 0, 0, 0, 1, 0, 0, 
434, 2.629324e+01, 2.135400e+01, 5.834515e-01, 456, 434, 1, 2.350715e+01, 9.517544e-01, 7.784062e+01, 3.246433e+00, 4.971198e+02, 7.474124e+02, 0, 0, 0, 0, 1, 0, 0, 
258, 2.433187e+01, 1.409515e+01, 8.151231e-01, 270, 258, 1, 1.812445e+01, 9.555556e-01, 6.262742e+01, 1.229709e+00, 4.972829e+02, 1.017981e+03, 0, 1, 0, 0, 1, 0, 0, 
741, 4.892209e+01, 2.366620e+01, 8.752047e-01, 889, 741, 1, 3.071596e+01, 8.335208e-01, 1.333970e+02, 6.071275e+00, 5.077463e+02, 7.847517e+02, 0, 0, 0, 0, 1, 0, 0, 
434, 3.065959e+01, 1.808985e+01, 8.073867e-01, 441, 434, 1, 2.350715e+01, 9.841270e-01, 7.852691e+01, 3.589578e+00, 5.029862e+02, 5.369516e+02, 0, 0, 0, 0, 1, 0, 0, 
377, 2.556370e+01, 1.888256e+01, 6.740919e-01, 383, 377, 1, 2.190916e+01, 9.843342e-01, 7.018377e+01, 2.166369e+00, 5.088249e+02, 4.391247e+01, 0, 0, 0, 0, 1, 0, 0, 
319, 2.443525e+01, 1.698604e+01, 7.188697e-01, 338, 319, 1, 2.015350e+01, 9.437870e-01, 6.769848e+01, 1.410315e+00, 5.090219e+02, 1.451505e+02, 0, 0, 0, 0, 1, 0, 0, 
531, 2.792200e+01, 2.440438e+01, 4.858900e-01, 546, 531, 1, 2.600173e+01, 9.725275e-01, 8.476955e+01, 3.233234e+00, 5.160829e+02, 4.417024e+02, 0, 0, 0, 0, 1, 0, 0, 
442, 3.124478e+01, 1.813661e+01, 8.142827e-01, 451, 442, 1, 2.372281e+01, 9.800443e-01, 7.984062e+01, 3.616205e+00, 5.174910e+02, 3.861946e+02, 0, 0, 0, 0, 1, 0, 0, 
10, 4.531372e+00, 2.921187e+00, 7.644708e-01, 10, 10, 1, 3.568248e+00, 1, 8.828427e+00, 3.166247e-02, 509, 3.955000e+02, 0, 0, 0, 0, 1, 0, 0, 
328, 2.782855e+01, 1.529380e+01, 8.354461e-01, 344, 328, 1, 2.043582e+01, 9.534884e-01, 7.101219e+01, 2.378119e+00, 5.293445e+02, 6.005030e+02, 0, 0, 0, 0, 1, 0, 0, 
615, 3.350666e+01, 2.344141e+01, 7.145303e-01, 630, 615, 1, 2.798289e+01, 9.761905e-01, 9.291169e+01, 4.158495e+00, 5.516813e+02, 7.998439e+02, 0, 0, 0, 0, 1, 0, 0, 
326, 2.608345e+01, 1.625853e+01, 7.819607e-01, 342, 326, 1, 2.037342e+01, 9.532164e-01, 7.335534e+01, 9.576715e-01, 5.476871e+02, 6.933650e+02, 0, 0, 0, 0, 1, 0, 0, 
571, 4.341868e+01, 1.900356e+01, 8.991300e-01, 674, 571, 1, 2.696330e+01, 8.471810e-01, 1.125685e+02, 2.450553e+00, 5.582592e+02, 6.548021e+02, 0, 0, 0, 0, 1, 0, 0, 
293, 2.160346e+01, 1.748946e+01, 5.870272e-01, 305, 293, 1, 1.931474e+01, 9.606557e-01, 6.511270e+01, 9.779965e-01, 5.614027e+02, 1.004706e+03, 0, 1, 0, 0, 1, 0, 0, 
388, 2.732575e+01, 1.823488e+01, 7.447758e-01, 399, 388, 1, 2.222649e+01, 9.724311e-01, 7.359798e+01, 1.962661e+00, 5.648273e+02, 6.042268e+01, 0, 0, 0, 0, 1, 0, 0, 
479, 3.636770e+01, 1.729220e+01, 8.797252e-01, 507, 479, 1, 2.469578e+01, 9.447732e-01, 1.043259e+02, 1.514397e+00, 5.893904e+02, 4.357891e+02, 0, 0, 0, 0, 1, 0, 0, 
439, 2.844567e+01, 1.979068e+01, 7.182977e-01, 452, 439, 1, 2.364217e+01, 9.712389e-01, 7.852691e+01, 2.005035e+00, 5.890524e+02, 8.106264e+02, 0, 0, 0, 0, 1, 0, 0, 
572, 3.016549e+01, 2.445541e+01, 5.854502e-01, 583, 572, 1, 2.698690e+01, 9.811321e-01, 8.784062e+01, 3.309667e+00, 5.967587e+02, 8.413601e+02, 0, 0, 0, 0, 1, 0, 0, 
308, 2.394324e+01, 1.656508e+01, 7.220434e-01, 319, 308, 1, 1.980297e+01, 9.655172e-01, 6.487006e+01, 1.532158e+00, 5.990552e+02, 6.934091e+02, 0, 0, 0, 0, 1, 0, 0, 
412, 2.779467e+01, 1.942443e+01, 7.152637e-01, 428, 412, 1, 2.290360e+01, 9.626168e-01, 7.735534e+01, 2.224842e+00, 6.022403e+02, 8.894272e+02, 0, 0, 0, 0, 1, 0, 0, 
345, 2.414631e+01, 1.830103e+01, 6.523446e-01, 354, 345, 1, 2.095871e+01, 9.745763e-01, 6.852691e+01, 1.540703e+00, 6.073130e+02, 7.435217e+02, 0, 0, 0, 0, 1, 0, 0, 
527, 3.147891e+01, 2.143748e+01, 7.322732e-01, 544, 527, 1, 2.590361e+01, 9.687500e-01, 8.676955e+01, 3.040925e+00, 6.136717e+02, 2.912600e+02, 0, 0, 0, 0, 1, 0, 0, 
68, 1.226783e+01, 7.743787e+00, 7.755982e-01, 82, 68, 1, 9.304853e+00, 8.292683e-01, 3.755635e+01, 1.662013e-01, 6.058088e+02, 5.779265e+02, 0, 0, 0, 0, 1, 0, 0, 
1, 1.154701e+00, 1.154701e+00, 0, 1, 1, 1, 1.128379e+00, 1, 0, 2.319371e-03, 607, 584, 0, 0, 0, 0, 0, 1, 0, 
1119, 5.426935e+01, 3.322346e+01, 7.907063e-01, 1413, 1119, 1, 3.774593e+01, 7.919321e-01, 1.725097e+02, 4.989715e+00, 6.427534e+02, 8.045594e+02, 0, 0, 0, 0, 1, 0, 1, 
516, 2.995440e+01, 2.199821e+01, 6.787278e-01, 531, 516, 1, 2.563185e+01, 9.717514e-01, 8.418377e+01, 1.707271e+00, 6.345407e+02, 4.921066e+02, 0, 0, 0, 0, 1, 0, 0, 
276, 2.394016e+01, 1.541672e+01, 7.650516e-01, 297, 276, 1, 1.874604e+01, 9.292929e-01, 7.159798e+01, 9.539940e-01, 6.330833e+02, 6.726667e+02, 0, 0, 0, 0, 1, 0, 0, 
433, 2.704701e+01, 2.043936e+01, 6.549208e-01, 447, 433, 1, 2.348005e+01, 9.686801e-01, 7.676955e+01, 2.060090e+00, 6.352818e+02, 8.558291e+02, 0, 0, 0, 0, 1, 0, 0, 
562, 3.213484e+01, 2.230920e+01, 7.197464e-01, 572, 562, 1, 2.674996e+01, 9.825175e-01, 8.725483e+01, 2.738689e+00, 6.479893e+02, 4.285907e+02, 0, 0, 0, 0, 1, 0, 0, 
248, 1.984691e+01, 1.608675e+01, 5.856809e-01, 255, 248, 1, 1.776973e+01, 9.725490e-01, 5.911270e+01, 7.474022e-01, 6.501935e+02, 5.646734e+02, 0, 0, 0, 0, 1, 0, 0, 
591, 3.228787e+01, 2.398888e+01, 6.693259e-01, 607, 591, 1, 2.743145e+01, 9.736409e-01, 9.394113e+01, 1.815274e+00, 6.591810e+02, 3.665008e+02, 0, 0, 0, 1, 1, 0, 0, 
319, 2.444744e+01, 1.670265e+01, 7.302254e-01, 333, 319, 1, 2.015350e+01, 9.579580e-01, 6.876955e+01, 1.057435e+00, 6.537210e+02, 9.491254e+02, 0, 0, 0, 1, 1, 0, 0, 
305, 2.418151e+01, 1.643120e+01, 7.336809e-01, 326, 305, 1, 1.970629e+01, 9.355828e-01, 6.794113e+01, 9.023728e-01, 6.584230e+02, 7.211279e+02, 0, 0, 0, 1, 1, 0, 0, 
2, 2.309401e+00, 1.154701e+00, 8.660254e-01, 2, 2, 1, 1.595769e+00, 1, 2, 4.684520e-03, 653, 6.535000e+02, 0, 0, 0, 1, 0, 1, 0, 
411, 2.843563e+01, 1.888925e+01, 7.474830e-01, 418, 411, 1, 2.287578e+01, 9.832536e-01, 7.687006e+01, 2.724804e+00, 6.641484e+02, 8.127251e+01, 0, 0, 0, 1, 1, 0, 0, 
115, 1.553175e+01, 1.142905e+01, 6.771436e-01, 152, 115, 1, 1.210052e+01, 7.565789e-01, 6.418377e+01, 2.832227e-01, 6.620696e+02, 6.522261e+02, 0, 0, 0, 1, 1, 0, 0, 
1, 1.154701e+00, 1.154701e+00, 0, 1, 1, 1, 1.128379e+00, 1, 0, 2.334630e-03, 657, 661, 0, 0, 0, 1, 0, 1, 0, 
335, 3.235083e+01, 1.385180e+01, 9.036961e-01, 339, 335, 1, 2.065273e+01, 9.882006e-01, 7.662742e+01, 1.561059e+00, 6.668149e+02, 4.485791e+02, 0, 0, 0, 1, 1, 0, 0, 
